osm_id,h3level9,lat,lon,name,alt_names,name_en,name_bn,local_admin_name,admin0_name,admin2_name,addr_level,poi_addr_match,poi_class,poi_keywords,country,division,district,thana,union,region_hash
410133273,893cf1c86afffff,23.7346108,89.6569274,Unknown,,"Unknown, Rajbari, Rajbari District, Dhaka Division, Bangladesh","অজানা, রাজবাড়ী জেলা, ঢাকা বিভাগ, বাংলাদেশ",Rajbari,বাংলাদেশ,ঢাকা বিভাগ,local_admin,boundaries,['fuel'],[],Bangladesh,Dhaka,Rajbari,RajbariSadar,Dadshi,1d82911558d0d5927fec162043412e45
410141133,893cf1c86a3ffff,23.737465,89.6561492,,,"Rajbari, Rajbari District, Dhaka Division, Bangladesh","রাজবাড়ী জেলা, ঢাকা বিভাগ, বাংলাদেশ",Rajbari,বাংলাদেশ,ঢাকা বিভাগ,local_admin,boundaries,['bus_station'],[],Bangladesh,Dhaka,Rajbari,RajbariSadar,Dadshi,1d82911558d0d5927fec162043412e45
2365517031,893cf1c84c3ffff,23.7499925,89.6476795,Rajbari General Hospital,,"Rajbari General Hospital, Rajbari, Rajbari District, Dhaka Division, Bangladesh","রাজবাড়ি জেনারেল হাসপাতাল, রাজবাড়ী জেলা, ঢাকা বিভাগ, বাংলাদেশ",Rajbari,বাংলাদেশ,ঢাকা বিভাগ,local_admin,boundaries,['hospital'],[],Bangladesh,Dhaka,Rajbari,RajbariSadar,RajbariPaurashava,f60ce0136275d60203ba667167c37648
2344447512,893cf0aceabffff,23.7909362,89.425505,Pangsha Upazila Health Complex,,"Pangsha Upazila Health Complex, Pangsa, Rajbari District, Dhaka Division, Bangladesh","পাঙ্গশা উপজিলা স্বাস্থ্য কমপ্লেক্স, রাজবাড়ী জেলা, ঢাকা বিভাগ, বাংলাদেশ",Pangsa,বাংলাদেশ,ঢাকা বিভাগ,local_admin,boundaries,['hospital'],[],Bangladesh,Dhaka,Rajbari,Pangsha,PangshaPaurashava,db5d434668bb5af4ded934024316fdd4
2429202296,893cf0ace17ffff,23.7888015,89.422511,Pangsha George Pilot High School,,"Pangsha George Pilot High School, Pangsa, Rajbari District, Dhaka Division, Bangladesh","পাংশা জর্জ পাইলট উচ্চ বিদ্যালয়, রাজবাড়ী জেলা, ঢাকা বিভাগ, বাংলাদেশ",Pangsa,বাংলাদেশ,ঢাকা বিভাগ,local_admin,boundaries,['school'],[],Bangladesh,Dhaka,Rajbari,Pangsha,PangshaPaurashava,db5d434668bb5af4ded934024316fdd4
2429203402,893cf0ace17ffff,23.7901746,89.421326,Pangsha University College,,"Pangsha University College, Pangsa, Rajbari District, Dhaka Division, Bangladesh","প্যাংসা বিশ্ববিদ্যালয় কলেজ, রাজবাড়ী জেলা, ঢাকা বিভাগ, বাংলাদেশ",Pangsa,বাংলাদেশ,ঢাকা বিভাগ,local_admin,boundaries,['college'],[],Bangladesh,Dhaka,Rajbari,Pangsha,PangshaPaurashava,db5d434668bb5af4ded934024316fdd4
2429203591,893cf0ace17ffff,23.787979,89.4215079,Siddikia Madrasha,,"Siddikia Madrasha, Pangsa, Rajbari District, Dhaka Division, Bangladesh","সিদ্দিয়া মাদ্রাশা, রাজবাড়ী জেলা, ঢাকা বিভাগ, বাংলাদেশ",Pangsa,বাংলাদেশ,ঢাকা বিভাগ,local_admin,boundaries,['school'],[],Bangladesh,Dhaka,Rajbari,Pangsha,PangshaPaurashava,db5d434668bb5af4ded934024316fdd4
2429206696,893cf0ace1bffff,23.7861527,89.4171519,পাংশা,"['পাংশা রেলওয়ে স্টেশন', 'Pangsha Railway Station']","Panga, Pangsa, Rajbari District, Dhaka Division, Bangladesh","পাংশা, রাজবাড়ী জেলা, ঢাকা বিভাগ, বাংলাদেশ",Pangsa,বাংলাদেশ,ঢাকা বিভাগ,local_admin,boundaries,['railway_station'],[],Bangladesh,Dhaka,Rajbari,Pangsha,PangshaPaurashava,db5d434668bb5af4ded934024316fdd4
2429300287,893cf0ac327ffff,23.7810486,89.4089785,Moishala Bus Stop,,"Moishala Bus Stop, Pangsa, Rajbari District, Dhaka Division, Bangladesh","মোশালা বাস স্টপ, রাজবাড়ী জেলা, ঢাকা বিভাগ, বাংলাদেশ",Pangsa,বাংলাদেশ,ঢাকা বিভাগ,street,boundaries,['bus_stop'],[],Bangladesh,Dhaka,Rajbari,Pangsha,PangshaPaurashava,db5d434668bb5af4ded934024316fdd4
2577322733,893cf03658fffff,23.7681463,89.4804096,কালুখালী জংশন,['Kalukhali Junction'],"Kalukhali junction, Pangsa, Rajbari District, Dhaka Division, Bangladesh","কালুখালী জংশন, রাজবাড়ী জেলা, ঢাকা বিভাগ, বাংলাদেশ",Pangsa,বাংলাদেশ,ঢাকা বিভাগ,local_admin,boundaries,['railway_station'],[],Bangladesh,Dhaka,Rajbari,Kalukhali,Ratandia,576f2661011087240efda82f64c15a5e
7416537047,893cf0350bbffff,23.6424062,89.4713487,Munsur Ali High School,,"Munsur Ali High School, Baliakandi Upazila, Rajbari District, Dhaka Division, Bangladesh","মুনসুর আলী উচ্চ বিদ্যালয়, বালিয়াকান্দি উপজেলা, রাজবাড়ী জেলা, ঢাকা বিভাগ, বাংলাদেশ",বালিয়াকান্দি উপজেলা,বাংলাদেশ,ঢাকা বিভাগ,local_admin,boundaries,['school'],[],Bangladesh,Dhaka,Rajbari,BaliaKandi,Narua,ae2ec28e52c70b43616e2e427b1cd986
7416551009,893cf0350abffff,23.6413979,89.4724105,Bakshadangi Govt. Primary School,,"Bakshadangi Govt. Primary School, Baliakandi Upazila, Rajbari District, Dhaka Division, Bangladesh","বাকশাদঙ্গি সরকারপ্রাথমিক বিদ্যালয়, বালিয়াকান্দি উপজেলা, রাজবাড়ী জেলা, ঢাকা বিভাগ, বাংলাদেশ",বালিয়াকান্দি উপজেলা,বাংলাদেশ,ঢাকা বিভাগ,local_admin,boundaries,['school'],[],Bangladesh,Dhaka,Rajbari,BaliaKandi,Narua,ae2ec28e52c70b43616e2e427b1cd986
7416568609,893cf0350afffff,23.6432229,89.4761515,Liaquat Ali Smriti School & College,,"Liaquat Ali Smriti School & College, Baliakandi Upazila, Rajbari District, Dhaka Division, Bangladesh","লিয়াকাট আলী স্মরিটি স্কুল ও কলেজ, বালিয়াকান্দি উপজেলা, রাজবাড়ী জেলা, ঢাকা বিভাগ, বাংলাদেশ",বালিয়াকান্দি উপজেলা,বাংলাদেশ,ঢাকা বিভাগ,local_admin,boundaries,['college'],[],Bangladesh,Dhaka,Rajbari,BaliaKandi,Narua,ae2ec28e52c70b43616e2e427b1cd986
7416568610,893cf0350afffff,23.6433785,89.4758188,Narua Govt. Primary School,,"Narua Govt. Primary School, Baliakandi Upazila, Rajbari District, Dhaka Division, Bangladesh","নারুয়া সরকারপ্রাথমিক বিদ্যালয়, বালিয়াকান্দি উপজেলা, রাজবাড়ী জেলা, ঢাকা বিভাগ, বাংলাদেশ",বালিয়াকান্দি উপজেলা,বাংলাদেশ,ঢাকা বিভাগ,local_admin,boundaries,['school'],[],Bangladesh,Dhaka,Rajbari,BaliaKandi,Narua,ae2ec28e52c70b43616e2e427b1cd986
7416568611,893cf0350afffff,23.6422146,89.4758471,Narua Kendriyo Jame Mosjid,,"Narua Kendriyo Jame Mosjid, Baliakandi Upazila, Rajbari District, Dhaka Division, Bangladesh","নারুয়া কেন্দ্রিয়ো জামে মোসজিড, বালিয়াকান্দি উপজেলা, রাজবাড়ী জেলা, ঢাকা বিভাগ, বাংলাদেশ",বালিয়াকান্দি উপজেলা,বাংলাদেশ,ঢাকা বিভাগ,local_admin,boundaries,['place_of_worship_muslim'],[],Bangladesh,Dhaka,Rajbari,BaliaKandi,Narua,ae2ec28e52c70b43616e2e427b1cd986
7416587864,893cf0350bbffff,23.6431302,89.4717014,Munsur Ali Degree College,,"Munsur Ali Degree College, Baliakandi Upazila, Rajbari District, Dhaka Division, Bangladesh","মুনসুর আলী ডিগ্রি কলেজ, বালিয়াকান্দি উপজেলা, রাজবাড়ী জেলা, ঢাকা বিভাগ, বাংলাদেশ",বালিয়াকান্দি উপজেলা,বাংলাদেশ,ঢাকা বিভাগ,local_admin,boundaries,['college'],[],Bangladesh,Dhaka,Rajbari,BaliaKandi,Narua,ae2ec28e52c70b43616e2e427b1cd986
7416600021,893cf0350a3ffff,23.6427414,89.4731671,Bakshadangi Bridge,,"Bakshadangi Bridge, Baliakandi Upazila, Rajbari District, Dhaka Division, Bangladesh","বাকশাদঙ্গি ব্রিজ, বালিয়াকান্দি উপজেলা, রাজবাড়ী জেলা, ঢাকা বিভাগ, বাংলাদেশ",বালিয়াকান্দি উপজেলা,বাংলাদেশ,ঢাকা বিভাগ,local_admin,boundaries,['ford'],[],Bangladesh,Dhaka,Rajbari,BaliaKandi,Narua,ae2ec28e52c70b43616e2e427b1cd986
7416603374,893cf0350abffff,23.6413714,89.4726962,Nazmul's House,,"Nazmul's House, Baliakandi Upazila, Rajbari District, Dhaka Division, Bangladesh","নাজমুলের বাড়ি, বালিয়াকান্দি উপজেলা, রাজবাড়ী জেলা, ঢাকা বিভাগ, বাংলাদেশ",বালিয়াকান্দি উপজেলা,বাংলাদেশ,ঢাকা বিভাগ,local_admin,boundaries,['guest_house'],[],Bangladesh,Dhaka,Rajbari,BaliaKandi,Narua,ae2ec28e52c70b43616e2e427b1cd986
7418112037,893cf0350abffff,23.6426591,89.4732802,Bakshadangi Bazar Mosjid,,"Bakshadangi Bazar Mosjid, Baliakandi Upazila, Rajbari District, Dhaka Division, Bangladesh","বাকশাদঙ্গী বাজার মোসজিদ, বালিয়াকান্দি উপজেলা, রাজবাড়ী জেলা, ঢাকা বিভাগ, বাংলাদেশ",বালিয়াকান্দি উপজেলা,বাংলাদেশ,ঢাকা বিভাগ,local_admin,boundaries,['place_of_worship_muslim'],[],Bangladesh,Dhaka,Rajbari,BaliaKandi,Narua,ae2ec28e52c70b43616e2e427b1cd986
7418134287,893cf0350abffff,23.6426149,89.4735913,Babul Pharmacy,,"Babul Pharmacy, Baliakandi Upazila, Rajbari District, Dhaka Division, Bangladesh","বাবুল ফার্মাসি, বালিয়াকান্দি উপজেলা, রাজবাড়ী জেলা, ঢাকা বিভাগ, বাংলাদেশ",বালিয়াকান্দি উপজেলা,বাংলাদেশ,ঢাকা বিভাগ,local_admin,boundaries,['pharmacy'],[],Bangladesh,Dhaka,Rajbari,BaliaKandi,Narua,ae2ec28e52c70b43616e2e427b1cd986
6038793967,893cf032a0fffff,23.6663374,89.3663775,Langalbadh Ghat,,"Langalbadh Ghat, Shailkupa, Jhenaidah District, Khulna Division, Bangladesh","লাঙ্গালবাদ ঘাট, ঝিনাইদহ জেলা, খুলনা বিভাগ, বাংলাদেশ",Shailkupa,বাংলাদেশ,খুলনা বিভাগ,local_admin,boundaries,['ferry_terminal'],[],Bangladesh,Dhaka,Rajbari,Pangsha,KasbaMajhail,9cb6d31ffca601ecbbc1bd7c393693db
6038793968,893cf032a03ffff,23.6686368,89.366871,Naduria Ghat,,"Naduria Ghat, Pangsa, Rajbari District, Dhaka Division, Bangladesh","নাদুরিয়া ঘাট, রাজবাড়ী জেলা, ঢাকা বিভাগ, বাংলাদেশ",Pangsa,বাংলাদেশ,ঢাকা বিভাগ,local_admin,boundaries,['ferry_terminal'],[],Bangladesh,Dhaka,Rajbari,Pangsha,KasbaMajhail,9cb6d31ffca601ecbbc1bd7c393693db
6038831086,893cf0adc17ffff,23.7614329,89.3922857,Dutta Bazar,,"Dutta Bazar, Pangsa, Rajbari District, Dhaka Division, Bangladesh","দত্ত বাজার, রাজবাড়ী জেলা, ঢাকা বিভাগ, বাংলাদেশ",Pangsa,বাংলাদেশ,ঢাকা বিভাগ,local_admin,boundaries,['marketplace'],[],Bangladesh,Dhaka,Rajbari,Pangsha,Maurat,3ca947521bc3d75cc2b1c138c3ef96f4
6038831114,893cf0adc17ffff,23.7621449,89.3907943,Kolanagar High School,,"Kolanagar High School, Pangsa, Rajbari District, Dhaka Division, Bangladesh","কোলানগর উচ্চ বিদ্যালয়, রাজবাড়ী জেলা, ঢাকা বিভাগ, বাংলাদেশ",Pangsa,বাংলাদেশ,ঢাকা বিভাগ,local_admin,boundaries,['school'],[],Bangladesh,Dhaka,Rajbari,Pangsha,Maurat,3ca947521bc3d75cc2b1c138c3ef96f4
9591980484,893cf0ae81bffff,23.846042,89.4105553,Al-Haj Shahabuddin Ahmed Adarsha Accadamy,,"Al-Haj Shahabuddin Ahmed Adarsha Accadamy, Pangsa, Rajbari District, Dhaka Division, Bangladesh","আল-হাজ শাহাবউদ্দিন আহমেদ আদারশা একাডেমি, রাজবাড়ী জেলা, ঢাকা বিভাগ, বাংলাদেশ",Pangsa,বাংলাদেশ,ঢাকা বিভাগ,local_admin,boundaries,['school'],[],Bangladesh,Dhaka,Rajbari,Pangsha,Habaspur,68837a465519b1a6b3d329ef2ac37088
9592024990,893cf0ace1bffff,23.7863768,89.4158393,Pangsa Pilot Girls High School,,"Pangsa Pilot Girls High School, Pangsa, Rajbari District, Dhaka Division, Bangladesh","পাঙ্গসা পাইলট গার্লস হাই স্কুল, রাজবাড়ী জেলা, ঢাকা বিভাগ, বাংলাদেশ",Pangsa,বাংলাদেশ,ঢাকা বিভাগ,local_admin,boundaries,['school'],[],Bangladesh,Dhaka,Rajbari,Pangsha,PangshaPaurashava,db5d434668bb5af4ded934024316fdd4
9592024991,893cf0acecfffff,23.7842474,89.4149766,Moishala Govt. Primary School,,"Moishala Govt. Primary School, Pangsa, Rajbari District, Dhaka Division, Bangladesh","মোশালা সরকারপ্রাথমিক বিদ্যালয়, রাজবাড়ী জেলা, ঢাকা বিভাগ, বাংলাদেশ",Pangsa,বাংলাদেশ,ঢাকা বিভাগ,local_admin,boundaries,['school'],[],Bangladesh,Dhaka,Rajbari,Pangsha,PangshaPaurashava,db5d434668bb5af4ded934024316fdd4
9592024992,893cf0ace03ffff,23.7848106,89.4200318,Pangsha George Pilot High School,,"Pangsha George Pilot High School, Pangsa, Rajbari District, Dhaka Division, Bangladesh","পাংশা জর্জ পাইলট উচ্চ বিদ্যালয়, রাজবাড়ী জেলা, ঢাকা বিভাগ, বাংলাদেশ",Pangsa,বাংলাদেশ,ঢাকা বিভাগ,local_admin,boundaries,['school'],[],Bangladesh,Dhaka,Rajbari,Pangsha,PangshaPaurashava,db5d434668bb5af4ded934024316fdd4
9592025002,893cf0376d7ffff,23.6869497,89.4063674,Kashba Majail A H High School,,"Kashba Majail A H High School, Pangsa, Rajbari District, Dhaka Division, Bangladesh","কাশবা মাজাইল এ এইচ উচ্চ বিদ্যালয়, রাজবাড়ী জেলা, ঢাকা বিভাগ, বাংলাদেশ",Pangsa,বাংলাদেশ,ঢাকা বিভাগ,local_admin,boundaries,['school'],[],Bangladesh,Dhaka,Rajbari,Kalukhali,Saorail,90cdbe90a692e669888de170249595c9
9592025003,893cf037617ffff,23.6856688,89.415242,Mohammad Ali Academy,,"Mohammad Ali Academy, Pangsa, Rajbari District, Dhaka Division, Bangladesh","মোহাম্মদ আলী একাডেমি, রাজবাড়ী জেলা, ঢাকা বিভাগ, বাংলাদেশ",Pangsa,বাংলাদেশ,ঢাকা বিভাগ,local_admin,boundaries,['school'],[],Bangladesh,Dhaka,Rajbari,Kalukhali,Saorail,90cdbe90a692e669888de170249595c9
9592025004,893cf037053ffff,23.6850478,89.4300076,Laribari Adorsha High School,,"Laribari Adorsha High School, Pangsa, Rajbari District, Dhaka Division, Bangladesh","লারিবারি অ্যাডোরশা উচ্চ বিদ্যালয়, রাজবাড়ী জেলা, ঢাকা বিভাগ, বাংলাদেশ",Pangsa,বাংলাদেশ,ঢাকা বিভাগ,local_admin,boundaries,['school'],[],Bangladesh,Dhaka,Rajbari,Kalukhali,Saorail,90cdbe90a692e669888de170249595c9
9592025005,893cf03705bffff,23.6804076,89.4299493,Lari Bari High School,,"Lari Bari High School, Pangsa, Rajbari District, Dhaka Division, Bangladesh","লরি বারী উচ্চ বিদ্যালয়, রাজবাড়ী জেলা, ঢাকা বিভাগ, বাংলাদেশ",Pangsa,বাংলাদেশ,ঢাকা বিভাগ,local_admin,boundaries,['school'],[],Bangladesh,Dhaka,Rajbari,Kalukhali,Saorail,90cdbe90a692e669888de170249595c9
9592457854,893cf037207ffff,23.6686191,89.4341901,Paturia Adarsha High School,,"Paturia Adarsha High School, Pangsa, Rajbari District, Dhaka Division, Bangladesh","পাতুরিয়া আদারশা উচ্চ বিদ্যালয়, রাজবাড়ী জেলা, ঢাকা বিভাগ, বাংলাদেশ",Pangsa,বাংলাদেশ,ঢাকা বিভাগ,local_admin,boundaries,['school'],[],Bangladesh,Dhaka,Rajbari,Kalukhali,Saorail,90cdbe90a692e669888de170249595c9
7472900665,893cf02449bffff,23.6025242,89.6056352,নলিয়াগ্রাম,,"Naliagram, Madhukhali, Faridpur District, Dhaka Division, Bangladesh","নলিয়াগ্রাম, ফরিদপুর জেলা, ঢাকা বিভাগ, বাংলাদেশ",Madhukhali,বাংলাদেশ,ঢাকা বিভাগ,local_admin,boundaries,['railway_station'],[],Bangladesh,Dhaka,Rajbari,BaliaKandi,Jamalpur,e6733010e4a0df124c0a11898973eaf1
7537269457,893cf1ca277ffff,23.7628476,89.6453446,রাজবাড়ী,,"Rajbari, Rajbari District, Dhaka Division, Bangladesh","রাজবাড়ী, রাজবাড়ী জেলা, ঢাকা বিভাগ, বাংলাদেশ",Rajbari,বাংলাদেশ,ঢাকা বিভাগ,local_admin,boundaries,['railway_station'],[],Bangladesh,Dhaka,Rajbari,RajbariSadar,RajbariPaurashava,f60ce0136275d60203ba667167c37648
8190047898,893cf1ca223ffff,23.7662871,89.6465311,Bazar Pathshala GOVT. Primary School,,"Bazar Pathshala GOVT. Primary School, ","বাজর পাঠশালা সরকারপ্রাথমিক বিদ্যালয়, ",Rajbari,বাংলাদেশ,ঢাকা বিভাগ,housenumber,sameSource,['school'],[],Bangladesh,Dhaka,Rajbari,RajbariSadar,RajbariPaurashava,f60ce0136275d60203ba667167c37648
2344447490,893cf035b97ffff,23.6320113,89.548978,Baliakandi Upazila Health Complex,,"Baliakandi Upazila Health Complex, Baliakandi Upazila, Rajbari District, Dhaka Division, Bangladesh","বালিয়াকান্দি উপজিলা স্বাস্থ্য কমপ্লেক্স, বালিয়াকান্দি উপজেলা, রাজবাড়ী জেলা, ঢাকা বিভাগ, বাংলাদেশ",বালিয়াকান্দি উপজেলা,বাংলাদেশ,ঢাকা বিভাগ,local_admin,boundaries,['hospital'],[],Bangladesh,Dhaka,Rajbari,BaliaKandi,Baharpur,5629267f00207dd95b692e9a090b4546
2447822367,893cf03582fffff,23.6333427,89.5470473,Baliakandi High School,,"Baliakandi High School, Baliakandi Upazila, Rajbari District, Dhaka Division, Bangladesh","বালিয়াকান্দি উচ্চ বিদ্যালয়, বালিয়াকান্দি উপজেলা, রাজবাড়ী জেলা, ঢাকা বিভাগ, বাংলাদেশ",বালিয়াকান্দি উপজেলা,বাংলাদেশ,ঢাকা বিভাগ,local_admin,boundaries,['school'],[],Bangladesh,Dhaka,Rajbari,BaliaKandi,Baliakandi,ec0474236d46f184a2370c9495a1a1eb
9591980471,893cf1ca31bffff,23.7723651,89.6608978,Alla Newaj Khairu High School,,"Alla Newaj Khairu High School, Rajbari, Rajbari District, Dhaka Division, Bangladesh","আলা নিউজ খাইরু উচ্চ বিদ্যালয়, রাজবাড়ী জেলা, ঢাকা বিভাগ, বাংলাদেশ",Rajbari,বাংলাদেশ,ঢাকা বিভাগ,local_admin,boundaries,['school'],[],Bangladesh,Dhaka,Rajbari,RajbariSadar,RajbariPaurashava,f60ce0136275d60203ba667167c37648
2577329862,893cf0348c3ffff,23.6863795,89.5615165,বহরপুর,['Baharpur'],"Baharpur, Baliakandi Upazila, Rajbari District, Dhaka Division, Bangladesh","বহরপুর, বালিয়াকান্দি উপজেলা, রাজবাড়ী জেলা, ঢাকা বিভাগ, বাংলাদেশ",বালিয়াকান্দি উপজেলা,বাংলাদেশ,ঢাকা বিভাগ,local_admin,boundaries,['railway_station'],[],Bangladesh,Dhaka,Rajbari,BaliaKandi,Islampur,339825c5ff42cf736f7033a35f307a9b
9591980472,893cf1ca237ffff,23.7697144,89.6492017,Kazi Hadayet Hossain Girls High School,,"Kazi Hadayet Hossain Girls High School, Rajbari, Rajbari District, Dhaka Division, Bangladesh","কাজী হাদায়েত হোসেন গার্লস হাই স্কুল, রাজবাড়ী জেলা, ঢাকা বিভাগ, বাংলাদেশ",Rajbari,বাংলাদেশ,ঢাকা বিভাগ,local_admin,boundaries,['school'],[],Bangladesh,Dhaka,Rajbari,RajbariSadar,RajbariPaurashava,f60ce0136275d60203ba667167c37648
9591980473,893cf1ca2c7ffff,23.767265,89.6330186,Char Joukuri High School,,"Char Joukuri High School, Rajbari, Rajbari District, Dhaka Division, Bangladesh","চর জুকুরি উচ্চ বিদ্যালয়, রাজবাড়ী জেলা, ঢাকা বিভাগ, বাংলাদেশ",Rajbari,বাংলাদেশ,ঢাকা বিভাগ,local_admin,boundaries,['school'],[],Bangladesh,Dhaka,Rajbari,RajbariSadar,Mizanpur,6b0401656f24ec8397bb3fae0bfba832
9591980474,893cf1ca20fffff,23.7640969,89.6407999,R.S.K Instiution,,"R.S.K Instiution, Rajbari, Rajbari District, Dhaka Division, Bangladesh","আর.এস.কে ইনস্টিটিউশন, রাজবাড়ী জেলা, ঢাকা বিভাগ, বাংলাদেশ",Rajbari,বাংলাদেশ,ঢাকা বিভাগ,local_admin,boundaries,['school'],[],Bangladesh,Dhaka,Rajbari,RajbariSadar,RajbariPaurashava,f60ce0136275d60203ba667167c37648
9591980475,893cf1ca277ffff,23.7616019,89.6449796,Sher -E-Bangla Girls High School,,"Sher -E-Bangla Girls High School, Rajbari, Rajbari District, Dhaka Division, Bangladesh","শের -ই -বাংলা গার্লস হাই স্কুল, রাজবাড়ী জেলা, ঢাকা বিভাগ, বাংলাদেশ",Rajbari,বাংলাদেশ,ঢাকা বিভাগ,local_admin,boundaries,['school'],[],Bangladesh,Dhaka,Rajbari,RajbariSadar,RajbariPaurashava,f60ce0136275d60203ba667167c37648
9591980476,893cf1ca267ffff,23.7588023,89.64784,Rajbari Govt. Girls High School,,"Rajbari Govt. Girls High School, Rajbari, Rajbari District, Dhaka Division, Bangladesh","রাজবাড়ী সরকারগার্লস হাই স্কুল, রাজবাড়ী জেলা, ঢাকা বিভাগ, বাংলাদেশ",Rajbari,বাংলাদেশ,ঢাকা বিভাগ,local_admin,boundaries,['school'],[],Bangladesh,Dhaka,Rajbari,RajbariSadar,RajbariPaurashava,f60ce0136275d60203ba667167c37648
9591980477,893cf1ca247ffff,23.7610406,89.6382166,Bartha High School,,"Bartha High School, Rajbari, Rajbari District, Dhaka Division, Bangladesh","বার্থা হাই স্কুল, রাজবাড়ী জেলা, ঢাকা বিভাগ, বাংলাদেশ",Rajbari,বাংলাদেশ,ঢাকা বিভাগ,local_admin,boundaries,['school'],[],Bangladesh,Dhaka,Rajbari,RajbariSadar,RajbariPaurashava,f60ce0136275d60203ba667167c37648
9591980478,893cf1ca243ffff,23.7587058,89.6345933,Rajbari Adarsha High School,,"Rajbari Adarsha High School, Rajbari, Rajbari District, Dhaka Division, Bangladesh","রাজবারি আদারশা উচ্চ বিদ্যালয়, রাজবাড়ী জেলা, ঢাকা বিভাগ, বাংলাদেশ",Rajbari,বাংলাদেশ,ঢাকা বিভাগ,local_admin,boundaries,['school'],[],Bangladesh,Dhaka,Rajbari,RajbariSadar,RajbariPaurashava,f60ce0136275d60203ba667167c37648
9591980480,893cf1c84c3ffff,23.752728,89.6475342,Matipara Kazi Samir Uddin High School,,"Matipara Kazi Samir Uddin High School, Rajbari, Rajbari District, Dhaka Division, Bangladesh","মাতিপারা কাজী সামির উদদিন উচ্চ বিদ্যালয়, রাজবাড়ী জেলা, ঢাকা বিভাগ, বাংলাদেশ",Rajbari,বাংলাদেশ,ঢাকা বিভাগ,local_admin,boundaries,['school'],[],Bangladesh,Dhaka,Rajbari,RajbariSadar,RajbariPaurashava,f60ce0136275d60203ba667167c37648
9591980481,893cf1c845bffff,23.7427701,89.6469494,Al-Gazzali High School,,"Al-Gazzali High School, Rajbari, Rajbari District, Dhaka Division, Bangladesh","আল-গাজালি উচ্চ বিদ্যালয়, রাজবাড়ী জেলা, ঢাকা বিভাগ, বাংলাদেশ",Rajbari,বাংলাদেশ,ঢাকা বিভাগ,local_admin,boundaries,['school'],[],Bangladesh,Dhaka,Rajbari,RajbariSadar,RajbariPaurashava,f60ce0136275d60203ba667167c37648
6197579948,893cf0ac447ffff,23.8044222,89.3574508,মাছপাড়া,['Machhpara'],"Fisheries, Pangsa, Rajbari District, Dhaka Division, Bangladesh","মাছপাড়া, রাজবাড়ী জেলা, ঢাকা বিভাগ, বাংলাদেশ",Pangsa,বাংলাদেশ,ঢাকা বিভাগ,local_admin,boundaries,['railway_station'],[],Bangladesh,Dhaka,Rajbari,Pangsha,MachhPara,910198b0652c81ff718c3d2b5158f3c7
9702385194,893cf026b07ffff,23.6170804,89.691627,Jaldia Junior High School,,"Jaldia Junior High School, Rajbari, Rajbari District, Dhaka Division, Bangladesh","জলদিয়া জুনিয়র হাই স্কুল, রাজবাড়ী জেলা, ঢাকা বিভাগ, বাংলাদেশ",Rajbari,বাংলাদেশ,ঢাকা বিভাগ,local_admin,boundaries,"['educational_institution', 'school']",[],Bangladesh,Dhaka,Rajbari,RajbariSadar,Basantapur,2931db1a58ea8c83a64954321695264b
9702430537,893cf026903ffff,23.6396532,89.6943647,Bir Muktizoddha A Akbar Ali Marzi High School,,"Bir Muktizoddha A Akbar Ali Marzi High School, Rajbari, Rajbari District, Dhaka Division, Bangladesh","বীর মুক্তিজদ্দা একটি আকবর আলী মারজি উচ্চ বিদ্যালয়, রাজবাড়ী জেলা, ঢাকা বিভাগ, বাংলাদেশ",Rajbari,বাংলাদেশ,ঢাকা বিভাগ,local_admin,boundaries,"['educational_institution', 'school']",[],Bangladesh,Dhaka,Rajbari,RajbariSadar,Basantapur,2931db1a58ea8c83a64954321695264b
9702430538,893cf0268b7ffff,23.6426605,89.6759546,Udaypur Girls Ideal Academy,,"Udaypur Girls Ideal Academy, Rajbari, Rajbari District, Dhaka Division, Bangladesh","উদয়পুর গার্লস আদর্শ একাডেমি, রাজবাড়ী জেলা, ঢাকা বিভাগ, বাংলাদেশ",Rajbari,বাংলাদেশ,ঢাকা বিভাগ,local_admin,boundaries,"['educational_institution', 'school']",[],Bangladesh,Dhaka,Rajbari,RajbariSadar,Basantapur,2931db1a58ea8c83a64954321695264b
9702455426,893cf026d57ffff,23.6493133,89.6711206,Kola Sadar Uddin High School,,"Kola Sadar Uddin High School, Rajbari, Rajbari District, Dhaka Division, Bangladesh","কোলা সদর উদদিন উচ্চ বিদ্যালয়, রাজবাড়ী জেলা, ঢাকা বিভাগ, বাংলাদেশ",Rajbari,বাংলাদেশ,ঢাকা বিভাগ,local_admin,boundaries,"['educational_institution', 'school']",[],Bangladesh,Dhaka,Rajbari,RajbariSadar,Basantapur,2931db1a58ea8c83a64954321695264b
9702498968,893cf1c914bffff,23.6816979,89.6556385,Mulghar High School,,"Mulghar High School, Rajbari, Rajbari District, Dhaka Division, Bangladesh","মুলগর উচ্চ বিদ্যালয়, রাজবাড়ী জেলা, ঢাকা বিভাগ, বাংলাদেশ",Rajbari,বাংলাদেশ,ঢাকা বিভাগ,local_admin,boundaries,"['educational_institution', 'school']",[],Bangladesh,Dhaka,Rajbari,RajbariSadar,Mulghar,b13860f0881c233ebdb53b60115c3c17
686392637,893cf03503bffff,23.6344,89.4734864,,,"Sreepur Upazila (Magura), Magura District, Khulna Division, Bangladesh","শ্রীপুর উপজেলা মাগুরা, মাগুরা জেলা, খুলনা বিভাগ, বাংলাদেশ",শ্রীপুর উপজেলা (মাগুরা),বাংলাদেশ,খুলনা বিভাগ,local_admin,boundaries,['islet'],[],Bangladesh,Dhaka,Rajbari,BaliaKandi,Narua,ae2ec28e52c70b43616e2e427b1cd986
757318827,893cf036533ffff,23.76560542,89.48798773,,,"Pangsa, Rajbari District, Dhaka Division, Bangladesh","রাজবাড়ী জেলা, ঢাকা বিভাগ, বাংলাদেশ",Pangsa,বাংলাদেশ,ঢাকা বিভাগ,local_admin,boundaries,['pitch'],[],Bangladesh,Dhaka,Rajbari,Kalukhali,Ratandia,576f2661011087240efda82f64c15a5e
906144116,893cf0ae8b3ffff,23.85613485,89.41771787,,,"Pangsa, Rajbari District, Dhaka Division, Bangladesh","রাজবাড়ী জেলা, ঢাকা বিভাগ, বাংলাদেশ",Pangsa,বাংলাদেশ,ঢাকা বিভাগ,local_admin,boundaries,['island'],[],Bangladesh,Dhaka,Rajbari,Pangsha,Habaspur,68837a465519b1a6b3d329ef2ac37088
234785012,893cf1c8493ffff,23.76134533,89.64841228,Yeasin High School,,"Yeasin High School, Rajbari, Rajbari District, Dhaka Division, Bangladesh","ইয়েসিন উচ্চ বিদ্যালয়, রাজবাড়ী জেলা, ঢাকা বিভাগ, বাংলাদেশ",Rajbari,বাংলাদেশ,ঢাকা বিভাগ,local_admin,boundaries,['school'],[],Bangladesh,Dhaka,Rajbari,RajbariSadar,RajbariPaurashava,f60ce0136275d60203ba667167c37648
252170477,893cf1cb1a7ffff,23.7532432,89.64211618,রাজবাড়ী স্টেডিয়াম,['Rajbari Stadium'],"Rajbari Stadium, Rajbari, Rajbari District, Dhaka Division, Bangladesh","রাজবাড়ী স্টেডিয়াম, রাজবাড়ী জেলা, ঢাকা বিভাগ, বাংলাদেশ",Rajbari,বাংলাদেশ,ঢাকা বিভাগ,local_admin,boundaries,['stadium'],[],Bangladesh,Dhaka,Rajbari,RajbariSadar,RajbariPaurashava,f60ce0136275d60203ba667167c37648
252173977,893cf1ca267ffff,23.75978931,89.64690412,Rajbari Government High School,,"Rajbari Government High School, Rajbari, Rajbari District, Dhaka Division, Bangladesh","রাজবারি সরকার উচ্চ বিদ্যালয়, রাজবাড়ী জেলা, ঢাকা বিভাগ, বাংলাদেশ",Rajbari,বাংলাদেশ,ঢাকা বিভাগ,local_admin,boundaries,['school'],[],Bangladesh,Dhaka,Rajbari,RajbariSadar,RajbariPaurashava,f60ce0136275d60203ba667167c37648
252173979,893cf1ca267ffff,23.7599484,89.64475894,Rail Colony Football Field,,"Rail Colony Football Field, Rajbari, Rajbari District, Dhaka Division, Bangladesh","রেল কলোনী ফুটবল মাঠ, রাজবাড়ী জেলা, ঢাকা বিভাগ, বাংলাদেশ",Rajbari,বাংলাদেশ,ঢাকা বিভাগ,local_admin,boundaries,['pitch'],[],Bangladesh,Dhaka,Rajbari,RajbariSadar,RajbariPaurashava,f60ce0136275d60203ba667167c37648
252173980,893cf1ca263ffff,23.7599344,89.64403775,Rajbari EID Gah,,"Rajbari EID Gah, Rajbari, Rajbari District, Dhaka Division, Bangladesh","রাজবারি Eid দ গাহ, রাজবাড়ী জেলা, ঢাকা বিভাগ, বাংলাদেশ",Rajbari,বাংলাদেশ,ঢাকা বিভাগ,local_admin,boundaries,['place_of_worship'],[],Bangladesh,Dhaka,Rajbari,RajbariSadar,RajbariPaurashava,f60ce0136275d60203ba667167c37648
252173982,893cf1ca263ffff,23.75853729,89.64387892,Rajbari Tennis Court,,"Rajbari Tennis Court, Rajbari, Rajbari District, Dhaka Division, Bangladesh","রাজবারি টেনিস কোর্ট, রাজবাড়ী জেলা, ঢাকা বিভাগ, বাংলাদেশ",Rajbari,বাংলাদেশ,ঢাকা বিভাগ,local_admin,boundaries,['pitch'],[],Bangladesh,Dhaka,Rajbari,RajbariSadar,RajbariPaurashava,f60ce0136275d60203ba667167c37648
252173989,893cf1c84d3ffff,23.75395745,89.64487794,রাজবাড়ী সরকারি আদর্শ মহিলা কলেজ,['Rajbari Government Adarsha Mohilla College'],"Rajbari Government Ideal Women's College, Rajbari, Rajbari District, Dhaka Division, Bangladesh","রাজবাড়ী সরকারি আদর্শ মহিলা কলেজ, রাজবাড়ী জেলা, ঢাকা বিভাগ, বাংলাদেশ",Rajbari,বাংলাদেশ,ঢাকা বিভাগ,local_admin,boundaries,['college'],[],Bangladesh,Dhaka,Rajbari,RajbariSadar,RajbariPaurashava,f60ce0136275d60203ba667167c37648
252173993,893cf1c84d3ffff,23.75249431,89.64354313,বসুন্ধরা সিনামা হল,['Basundhara CInema Hall'],"Bashundhara Cinema Hall, Rajbari, Rajbari District, Dhaka Division, Bangladesh","বসুন্ধরা সিনামা হল, রাজবাড়ী জেলা, ঢাকা বিভাগ, বাংলাদেশ",Rajbari,বাংলাদেশ,ঢাকা বিভাগ,local_admin,boundaries,['cinema'],[],Bangladesh,Dhaka,Rajbari,RajbariSadar,RajbariPaurashava,f60ce0136275d60203ba667167c37648
252173995,893cf1cb1afffff,23.7500773,89.6405614,Rajbari Swimming Pool,,"Rajbari Swimming Pool, Rajbari, Rajbari District, Dhaka Division, Bangladesh","রাজবারি সুইমিং পুল, রাজবাড়ী জেলা, ঢাকা বিভাগ, বাংলাদেশ",Rajbari,বাংলাদেশ,ঢাকা বিভাগ,local_admin,boundaries,['swimming_pool'],[],Bangladesh,Dhaka,Rajbari,RajbariSadar,RajbariPaurashava,f60ce0136275d60203ba667167c37648
252173997,893cf1c84dbffff,23.7503379,89.6423389,Adv. Nirod Kumar Parai,,"Adv. Nirod Kumar Parai, Rajbari, Rajbari District, Dhaka Division, Bangladesh","অ্যাড।নিরোদ কুমার পরাই, রাজবাড়ী জেলা, ঢাকা বিভাগ, বাংলাদেশ",Rajbari,বাংলাদেশ,ঢাকা বিভাগ,local_admin,boundaries,['lawyer'],[],Bangladesh,Dhaka,Rajbari,RajbariSadar,RajbariPaurashava,f60ce0136275d60203ba667167c37648
60513476,893cf0364d7ffff,23.759147315519552,89.44911231483867,Dhaka - Kushtia Highway,,"Dhaka - Kushtia Highway, Pangsa, Rajbari District, Dhaka Division, Bangladesh","Dhaka াকা - কুশিয়া হাইওয়ে, রাজবাড়ী জেলা, ঢাকা বিভাগ, বাংলাদেশ",Pangsa,বাংলাদেশ,ঢাকা বিভাগ,street,,,,Bangladesh,Dhaka,Rajbari,Kalukhali,Boalia,e65b438afd3da84639b1f279c8081fd8
9591980482,893cf0a52c7ffff,23.876382,89.3705646,Shahid Khabiruzzaman High School,,"Shahid Khabiruzzaman High School, Pangsa, Rajbari District, Dhaka Division, Bangladesh","শহীদ খবিরুজামান উচ্চ বিদ্যালয়, রাজবাড়ী জেলা, ঢাকা বিভাগ, বাংলাদেশ",Pangsa,বাংলাদেশ,ঢাকা বিভাগ,local_admin,boundaries,['school'],[],Bangladesh,Dhaka,Rajbari,Pangsha,Bahadurpur,c14556070bd946adaa67cb1c86cd2507
9591980483,893cf0a520bffff,23.8738005,89.3762173,Patikabari Mohammad Ali Khan High School,,"Patikabari Mohammad Ali Khan High School, Pangsa, Rajbari District, Dhaka Division, Bangladesh","পাতিকাবারী মোহাম্মদ আলী খান উচ্চ বিদ্যালয়, রাজবাড়ী জেলা, ঢাকা বিভাগ, বাংলাদেশ",Pangsa,বাংলাদেশ,ঢাকা বিভাগ,local_admin,boundaries,['school'],[],Bangladesh,Dhaka,Rajbari,Pangsha,Bahadurpur,c14556070bd946adaa67cb1c86cd2507
9591980485,893cf0aee47ffff,23.8327924,89.3884452,Jashai High School,,"Jashai High School, Pangsa, Rajbari District, Dhaka Division, Bangladesh","জশাই উচ্চ বিদ্যালয়, রাজবাড়ী জেলা, ঢাকা বিভাগ, বাংলাদেশ",Pangsa,বাংলাদেশ,ঢাকা বিভাগ,local_admin,boundaries,['school'],[],Bangladesh,Dhaka,Rajbari,Pangsha,Jashai,21a2f941e10b78c0c60f92eec930121e
9591980486,893cf0ae337ffff,23.8348394,89.3772149,Jashai High School,,"Jashai High School, Pangsa, Rajbari District, Dhaka Division, Bangladesh","জশাই উচ্চ বিদ্যালয়, রাজবাড়ী জেলা, ঢাকা বিভাগ, বাংলাদেশ",Pangsa,বাংলাদেশ,ঢাকা বিভাগ,local_admin,boundaries,['school'],[],Bangladesh,Dhaka,Rajbari,Pangsha,Jashai,21a2f941e10b78c0c60f92eec930121e
9591980487,893cf0af127ffff,23.8037571,89.3487682,Meghna High School,,"Meghna High School, Pangsa, Rajbari District, Dhaka Division, Bangladesh","মেঘনা উচ্চ বিদ্যালয়, রাজবাড়ী জেলা, ঢাকা বিভাগ, বাংলাদেশ",Pangsa,বাংলাদেশ,ঢাকা বিভাগ,local_admin,boundaries,['school'],[],Bangladesh,Dhaka,Rajbari,Pangsha,MachhPara,910198b0652c81ff718c3d2b5158f3c7
9591980488,893cf0ac453ffff,23.8036688,89.3508822,Machpara Ml High School,,"Machpara Ml High School, Pangsa, Rajbari District, Dhaka Division, Bangladesh","মাচপেরা এমএল উচ্চ বিদ্যালয়, রাজবাড়ী জেলা, ঢাকা বিভাগ, বাংলাদেশ",Pangsa,বাংলাদেশ,ঢাকা বিভাগ,local_admin,boundaries,['school'],[],Bangladesh,Dhaka,Rajbari,Pangsha,MachhPara,910198b0652c81ff718c3d2b5158f3c7
9592024993,893cf0ac317ffff,23.7819165,89.3984443,Kazi Abdul Majed Academy,,"Kazi Abdul Majed Academy, Pangsa, Rajbari District, Dhaka Division, Bangladesh","কাজী আবদুল মেজেদ একাডেমি, রাজবাড়ী জেলা, ঢাকা বিভাগ, বাংলাদেশ",Pangsa,বাংলাদেশ,ঢাকা বিভাগ,local_admin,boundaries,['school'],[],Bangladesh,Dhaka,Rajbari,Pangsha,Babupara,2c7e8ba5adfb4732b5ffd99141178cf0
9592024994,893cf0ac2b3ffff,23.7818742,89.3745966,Nischinta Pur High School,,"Nischinta Pur High School, Pangsa, Rajbari District, Dhaka Division, Bangladesh","নিসচিন্টা পুর উচ্চ বিদ্যালয়, রাজবাড়ী জেলা, ঢাকা বিভাগ, বাংলাদেশ",Pangsa,বাংলাদেশ,ঢাকা বিভাগ,local_admin,boundaries,['school'],[],Bangladesh,Dhaka,Rajbari,Pangsha,Kalimahar,5d1bc77cd5544bb2739871042f446bf7
9592024995,893cf0ac3dbffff,23.7784133,89.3827076,Suzanagar High School,,"Suzanagar High School, Pangsa, Rajbari District, Dhaka Division, Bangladesh","সুজানগর উচ্চ বিদ্যালয়, রাজবাড়ী জেলা, ঢাকা বিভাগ, বাংলাদেশ",Pangsa,বাংলাদেশ,ঢাকা বিভাগ,local_admin,boundaries,['school'],[],Bangladesh,Dhaka,Rajbari,Pangsha,Babupara,2c7e8ba5adfb4732b5ffd99141178cf0
9592024996,893cf0ad5bbffff,23.7717099,89.3490281,Hossan Danga Nilufar Rafique High School,,"Hossan Danga Nilufar Rafique High School, Pangsa, Rajbari District, Dhaka Division, Bangladesh","হোসান ডাঙ্গা নীলুফার রাফিক হাই স্কুল, রাজবাড়ী জেলা, ঢাকা বিভাগ, বাংলাদেশ",Pangsa,বাংলাদেশ,ঢাকা বিভাগ,local_admin,boundaries,['school'],[],Bangladesh,Dhaka,Rajbari,Pangsha,Kalimahar,5d1bc77cd5544bb2739871042f446bf7
9592024997,893cf0ad5c7ffff,23.767564,89.3427018,Sajuria Jehra Zarin High School,,"Sajuria Jehra Zarin High School, Pangsa, Rajbari District, Dhaka Division, Bangladesh","সাজুরিয়া জেহরা জারিন উচ্চ বিদ্যালয়, রাজবাড়ী জেলা, ঢাকা বিভাগ, বাংলাদেশ",Pangsa,বাংলাদেশ,ঢাকা বিভাগ,local_admin,boundaries,['school'],[],Bangladesh,Dhaka,Rajbari,Pangsha,Kalimahar,5d1bc77cd5544bb2739871042f446bf7
9592024998,893cf0ad08fffff,23.7478392,89.3388426,Hat Bongram High School,,"Hat Bongram High School, Pangsa, Rajbari District, Dhaka Division, Bangladesh","হাট বনগ্রাম উচ্চ বিদ্যালয়, রাজবাড়ী জেলা, ঢাকা বিভাগ, বাংলাদেশ",Pangsa,বাংলাদেশ,ঢাকা বিভাগ,local_admin,boundaries,['school'],[],Bangladesh,Dhaka,Rajbari,Pangsha,Kalimahar,5d1bc77cd5544bb2739871042f446bf7
9592024999,893cf0ad08bffff,23.7480583,89.3374066,Bongram Atarunnesa Junior Girls High School,,"Bongram Atarunnesa Junior Girls High School, Pangsa, Rajbari District, Dhaka Division, Bangladesh","বনগ্রাম আতারুনেসা জুনিয়র গার্লস হাই স্কুল, রাজবাড়ী জেলা, ঢাকা বিভাগ, বাংলাদেশ",Pangsa,বাংলাদেশ,ঢাকা বিভাগ,local_admin,boundaries,['school'],[],Bangladesh,Dhaka,Rajbari,Pangsha,KasbaMajhail,9cb6d31ffca601ecbbc1bd7c393693db
9592025000,893cf032c33ffff,23.708856,89.3591595,Nadir Hossain Girls High School,,"Nadir Hossain Girls High School, Pangsa, Rajbari District, Dhaka Division, Bangladesh","নাদির হোসেন গার্লস হাই স্কুল, রাজবাড়ী জেলা, ঢাকা বিভাগ, বাংলাদেশ",Pangsa,বাংলাদেশ,ঢাকা বিভাগ,local_admin,boundaries,['school'],[],Bangladesh,Dhaka,Rajbari,Pangsha,KasbaMajhail,9cb6d31ffca601ecbbc1bd7c393693db
9592025001,893cf032c17ffff,23.7108106,89.3552267,Kashba Majail A H High School,,"Kashba Majail A H High School, Pangsa, Rajbari District, Dhaka Division, Bangladesh","কাশবা মাজাইল এ এইচ উচ্চ বিদ্যালয়, রাজবাড়ী জেলা, ঢাকা বিভাগ, বাংলাদেশ",Pangsa,বাংলাদেশ,ঢাকা বিভাগ,local_admin,boundaries,['school'],[],Bangladesh,Dhaka,Rajbari,Pangsha,KasbaMajhail,9cb6d31ffca601ecbbc1bd7c393693db
793157361,893cf0350a3ffff,23.642697041252845,89.473562456054,Narua Kheya Ghat Road,,"Narua Kheya Ghat Road, Baliakandi Upazila, Rajbari District, Dhaka Division, Bangladesh","নারুয়া খীয়া ঘাট রোড, বালিয়াকান্দি উপজেলা, রাজবাড়ী জেলা, ঢাকা বিভাগ, বাংলাদেশ",বালিয়াকান্দি উপজেলা,বাংলাদেশ,ঢাকা বিভাগ,street,,,,Bangladesh,Dhaka,Rajbari,BaliaKandi,Narua,ae2ec28e52c70b43616e2e427b1cd986
793326683,893cf0350afffff,23.642188021019905,89.47536632350898,Peyaj Bazar Goli,,"Peyaj Bazar Goli, Baliakandi Upazila, Rajbari District, Dhaka Division, Bangladesh","পিয়াজ বাজার গোলি, বালিয়াকান্দি উপজেলা, রাজবাড়ী জেলা, ঢাকা বিভাগ, বাংলাদেশ",বালিয়াকান্দি উপজেলা,বাংলাদেশ,ঢাকা বিভাগ,street,,,,Bangladesh,Dhaka,Rajbari,BaliaKandi,Narua,ae2ec28e52c70b43616e2e427b1cd986
440706120,893cf1cb1a7ffff,23.75247737,89.64135159,সাধনা সিনেমা হল,['Sadhona Cinema Hall'],"Sadhana Cinema Hall, Rajbari, Rajbari District, Dhaka Division, Bangladesh","সাধনা সিনেমা হল, রাজবাড়ী জেলা, ঢাকা বিভাগ, বাংলাদেশ",Rajbari,বাংলাদেশ,ঢাকা বিভাগ,local_admin,boundaries,['cinema'],[],Bangladesh,Dhaka,Rajbari,RajbariSadar,RajbariPaurashava,f60ce0136275d60203ba667167c37648
10134684817,893cf0a526bffff,23.8649991,89.3830115,,['Village House'],"Pangsa, Rajbari District, Dhaka Division, Bangladesh","রাজবাড়ী জেলা, ঢাকা বিভাগ, বাংলাদেশ",Pangsa,বাংলাদেশ,ঢাকা বিভাগ,local_admin,boundaries,['bookmaker'],[],Bangladesh,Dhaka,Rajbari,Pangsha,Bahadurpur,c14556070bd946adaa67cb1c86cd2507
641160248,893cf0adcabffff,23.76214418065512,89.39508343314037,Nader Hossain Road,,"Nader Hossain Road, Pangsa, Rajbari District, Dhaka Division, Bangladesh","নাদের হোসেন রোড, রাজবাড়ী জেলা, ঢাকা বিভাগ, বাংলাদেশ",Pangsa,বাংলাদেশ,ঢাকা বিভাগ,street,,,,Bangladesh,Dhaka,Rajbari,Pangsha,Maurat,3ca947521bc3d75cc2b1c138c3ef96f4
2429201188,893cf0ace13ffff,23.7874278,89.4166377,পাংশা,['Pangsha'],"Panga, Pangsha, Pangsa, Rajbari District, Dhaka Division, Bangladesh","পাংশা, রাজবাড়ী জেলা, ঢাকা বিভাগ, বাংলাদেশ",Pangsa,বাংলাদেশ,ঢাকা বিভাগ,locality,,,,Bangladesh,Dhaka,Rajbari,Pangsha,PangshaPaurashava,db5d434668bb5af4ded934024316fdd4
6139761932,893cf03630bffff,23.7218688,89.4934271,মাঝবাড়ী,['Majhbari'],"The middle, Majhbari, Pangsa, Rajbari District, Dhaka Division, Bangladesh","মাঝবাড়ী, রাজবাড়ী জেলা, ঢাকা বিভাগ, বাংলাদেশ",Pangsa,বাংলাদেশ,ঢাকা বিভাগ,locality,,,,Bangladesh,Dhaka,Rajbari,Kalukhali,Majhbari,c4a3c0f844bf7f9197015d9eb0bb3acc
3992028307,893cf0ad827ffff,23.7438514,89.4204404,Maurat,,"Maurat, Pangsa, Rajbari District, Dhaka Division, Bangladesh","মওরাত, রাজবাড়ী জেলা, ঢাকা বিভাগ, বাংলাদেশ",Pangsa,বাংলাদেশ,ঢাকা বিভাগ,locality,,,,Bangladesh,Dhaka,Rajbari,Pangsha,Maurat,3ca947521bc3d75cc2b1c138c3ef96f4
3991994811,893cf035557ffff,23.6545683,89.4712281,Narua,,"Narua, Baliakandi Upazila, Rajbari District, Dhaka Division, Bangladesh","নারুয়া, বালিয়াকান্দি উপজেলা, রাজবাড়ী জেলা, ঢাকা বিভাগ, বাংলাদেশ",বালিয়াকান্দি উপজেলা,বাংলাদেশ,ঢাকা বিভাগ,locality,,,,Bangladesh,Dhaka,Rajbari,BaliaKandi,Narua,ae2ec28e52c70b43616e2e427b1cd986
3992028292,893cf0aeb37ffff,23.8327755,89.4432297,Habsapur,,"Habsapur, Pangsa, Rajbari District, Dhaka Division, Bangladesh","হাবসাপুর, রাজবাড়ী জেলা, ঢাকা বিভাগ, বাংলাদেশ",Pangsa,বাংলাদেশ,ঢাকা বিভাগ,locality,,,,Bangladesh,Dhaka,Rajbari,Pangsha,Habaspur,68837a465519b1a6b3d329ef2ac37088
3991994816,893cf03704bffff,23.6784229,89.4329745,Saorail,,"Saorail, Pangsa, Rajbari District, Dhaka Division, Bangladesh","সোরেইল, রাজবাড়ী জেলা, ঢাকা বিভাগ, বাংলাদেশ",Pangsa,বাংলাদেশ,ঢাকা বিভাগ,locality,,,,Bangladesh,Dhaka,Rajbari,Kalukhali,Saorail,90cdbe90a692e669888de170249595c9
3992028280,893cf036477ffff,23.7511523,89.460159,Boalia,,"Boalia, Pangsa, Rajbari District, Dhaka Division, Bangladesh","বোয়ালিয়া, রাজবাড়ী জেলা, ঢাকা বিভাগ, বাংলাদেশ",Pangsa,বাংলাদেশ,ঢাকা বিভাগ,locality,,,,Bangladesh,Dhaka,Rajbari,Kalukhali,Boalia,e65b438afd3da84639b1f279c8081fd8
3992028300,893cf0ac94bffff,23.7912255,89.4621123,Kalikapur,,"Kalikapur, Pangsa, Rajbari District, Dhaka Division, Bangladesh","কালিকাপুর, রাজবাড়ী জেলা, ঢাকা বিভাগ, বাংলাদেশ",Pangsa,বাংলাদেশ,ঢাকা বিভাগ,locality,,,,Bangladesh,Dhaka,Rajbari,Kalukhali,Kalikapur,8c212c29a5e74d7eee96abb0bb35b2c1
7472897115,893cf1d9b03ffff,23.7734442,89.5969402,সূর্য্যনগর,,"Sunnagar, Pangsa, Rajbari District, Dhaka Division, Bangladesh","সূর্য্যনগর, রাজবাড়ী জেলা, ঢাকা বিভাগ, বাংলাদেশ",Pangsa,বাংলাদেশ,ঢাকা বিভাগ,local_admin,boundaries,['railway_station'],[],Bangladesh,Dhaka,Rajbari,RajbariSadar,Mizanpur,6b0401656f24ec8397bb3fae0bfba832
7472897116,893cf1d9edbffff,23.7809856,89.5410902,বেলগাছি,,"Belgachi, Pangsa, Rajbari District, Dhaka Division, Bangladesh","বেলগাছি, রাজবাড়ী জেলা, ঢাকা বিভাগ, বাংলাদেশ",Pangsa,বাংলাদেশ,ঢাকা বিভাগ,local_admin,boundaries,['railway_station'],[],Bangladesh,Dhaka,Rajbari,RajbariSadar,Khanganj,2627b85bc09977370efde2a7c944c323
7472900664,893cf02644fffff,23.638816,89.5799324,আড়কান্দি,,"Lap, Baliakandi Upazila, Rajbari District, Dhaka Division, Bangladesh","আড়কান্দি, বালিয়াকান্দি উপজেলা, রাজবাড়ী জেলা, ঢাকা বিভাগ, বাংলাদেশ",বালিয়াকান্দি উপজেলা,বাংলাদেশ,ঢাকা বিভাগ,local_admin,boundaries,['railway_station'],[],Bangladesh,Dhaka,Rajbari,BaliaKandi,Baharpur,5629267f00207dd95b692e9a090b4546
3991994806,893cf037113ffff,23.6983977,89.460159,Mrigi,,"Mrigi, Pangsa, Rajbari District, Dhaka Division, Bangladesh","এমআরজি, রাজবাড়ী জেলা, ঢাকা বিভাগ, বাংলাদেশ",Pangsa,বাংলাদেশ,ঢাকা বিভাগ,locality,,,,Bangladesh,Dhaka,Rajbari,Kalukhali,Mrigi,85f39a533bf7c4b1888696d4de44cdeb
701002790,893cf1c84cbffff,23.747781,89.645325,jame masjid,,"jame masjid, ","জামে মসজিদ, ",Rajbari,বাংলাদেশ,ঢাকা বিভাগ,housenumber,sameSource,['place_of_worship_muslim'],[],Bangladesh,Dhaka,Rajbari,RajbariSadar,RajbariPaurashava,f60ce0136275d60203ba667167c37648
701002791,893cf1c84cbffff,23.7479658,89.6452394,Burger King,,"Burger King, ","বার্গার কিং, ",Rajbari,বাংলাদেশ,ঢাকা বিভাগ,housenumber,sameSource,['fast_food'],[],Bangladesh,Dhaka,Rajbari,RajbariSadar,RajbariPaurashava,f60ce0136275d60203ba667167c37648
701002792,893cf1c84cbffff,23.7473384,89.6455624,Sonali Bank,,"Sonali Bank, ","সোনালি ব্যাংক, ",Rajbari,বাংলাদেশ,ঢাকা বিভাগ,housenumber,sameSource,['bank'],[],Bangladesh,Dhaka,Rajbari,RajbariSadar,RajbariPaurashava,f60ce0136275d60203ba667167c37648
9846597898,893cf03452fffff,23.7072754,89.5244918,রামদিয়া,,"Ramdia, Baliakandi Upazila, Rajbari District, Dhaka Division, Bangladesh","রামদিয়া, বালিয়াকান্দি উপজেলা, রাজবাড়ী জেলা, ঢাকা বিভাগ, বাংলাদেশ",বালিয়াকান্দি উপজেলা,বাংলাদেশ,ঢাকা বিভাগ,local_admin,boundaries,['railway_station'],[],Bangladesh,Dhaka,Rajbari,BaliaKandi,Islampur,339825c5ff42cf736f7033a35f307a9b
10124277888,893cf034eafffff,23.6849864,89.555884,,,"Baliakandi Upazila, Rajbari District, Dhaka Division, Bangladesh","বালিয়াকান্দি উপজেলা, রাজবাড়ী জেলা, ঢাকা বিভাগ, বাংলাদেশ",বালিয়াকান্দি উপজেলা,বাংলাদেশ,ঢাকা বিভাগ,local_admin,boundaries,['ford'],[],Bangladesh,Dhaka,Rajbari,BaliaKandi,Islampur,339825c5ff42cf736f7033a35f307a9b
1055928525,893cf1c9c4bffff,23.68892945,89.68048932,Dhuldi Joypur  Girls High School,,"Dhuldi Joypur Girls High School, Rajbari, Rajbari District, Dhaka Division, Bangladesh","ধুলদী জয়পুর গার্লস হাই স্কুল, রাজবাড়ী জেলা, ঢাকা বিভাগ, বাংলাদেশ",Rajbari,বাংলাদেশ,ঢাকা বিভাগ,local_admin,boundaries,"['educational_institution', 'school']",[],Bangladesh,Dhaka,Rajbari,RajbariSadar,ShahidWahabpur,e1d320c30c5ed10cd98a5bfa9c5f25d8
10017916,893cf1ca267ffff,23.75954399,89.64593758,English Super Market,,"English Super Market, Rajbari, Rajbari District, Dhaka Division, Bangladesh","ইংলিশ সুপার মার্কেট, রাজবাড়ী জেলা, ঢাকা বিভাগ, বাংলাদেশ",Rajbari,বাংলাদেশ,ঢাকা বিভাগ,local_admin,boundaries,['mall'],[],Bangladesh,Dhaka,Rajbari,RajbariSadar,RajbariPaurashava,f60ce0136275d60203ba667167c37648
10018073,893cf1ca26fffff,23.75719023,89.64587805,আঙ্কুর কলেজিয়েট স্কুল অ্যান্ড কলেজ,['Ankur Collegiate School & College'],"Ankur Collegiate School and College, Rajbari, Rajbari District, Dhaka Division, Bangladesh","আঙ্কুর কলেজিয়েট স্কুল অ্যান্ড কলেজ, রাজবাড়ী জেলা, ঢাকা বিভাগ, বাংলাদেশ",Rajbari,বাংলাদেশ,ঢাকা বিভাগ,local_admin,boundaries,['school'],[],Bangladesh,Dhaka,Rajbari,RajbariSadar,RajbariPaurashava,f60ce0136275d60203ba667167c37648
6583264260,893cf1c84cbffff,23.747781,89.645325,jame masjid,,"jame masjid, ","জামে মসজিদ, ",Rajbari,বাংলাদেশ,ঢাকা বিভাগ,housenumber,,,,Bangladesh,Dhaka,Rajbari,RajbariSadar,RajbariPaurashava,f60ce0136275d60203ba667167c37648
6583264265,893cf1c84cbffff,23.7479658,89.6452394,Burger King,,"Burger King, ","বার্গার কিং, ",Rajbari,বাংলাদেশ,ঢাকা বিভাগ,housenumber,,,,Bangladesh,Dhaka,Rajbari,RajbariSadar,RajbariPaurashava,f60ce0136275d60203ba667167c37648
6583264270,893cf1c84cbffff,23.7473384,89.6455624,Sonali Bank,,"Sonali Bank, ","সোনালি ব্যাংক, ",Rajbari,বাংলাদেশ,ঢাকা বিভাগ,housenumber,,,,Bangladesh,Dhaka,Rajbari,RajbariSadar,RajbariPaurashava,f60ce0136275d60203ba667167c37648
8190047898,893cf1ca223ffff,23.7662871,89.6465311,Bazar Pathshala GOVT. Primary School,,"Bazar Pathshala GOVT. Primary School, ","বাজর পাঠশালা সরকারপ্রাথমিক বিদ্যালয়, ",Rajbari,বাংলাদেশ,ঢাকা বিভাগ,housenumber,,,,Bangladesh,Dhaka,Rajbari,RajbariSadar,RajbariPaurashava,f60ce0136275d60203ba667167c37648
701002790,893cf1c84cbffff,23.74778763,89.64541148,jame masjid,,"jame masjid, ","জামে মসজিদ, ",Rajbari,বাংলাদেশ,ঢাকা বিভাগ,housenumber,,,,Bangladesh,Dhaka,Rajbari,RajbariSadar,RajbariPaurashava,f60ce0136275d60203ba667167c37648
701002791,893cf1c84cbffff,23.74801688,89.64522835,Burger King,,"Burger King, ","বার্গার কিং, ",Rajbari,বাংলাদেশ,ঢাকা বিভাগ,housenumber,,,,Bangladesh,Dhaka,Rajbari,RajbariSadar,RajbariPaurashava,f60ce0136275d60203ba667167c37648
701002792,893cf1c84cbffff,23.7473304,89.64558745,Sonali Bank,,"Sonali Bank, ","সোনালি ব্যাংক, ",Rajbari,বাংলাদেশ,ঢাকা বিভাগ,housenumber,,,,Bangladesh,Dhaka,Rajbari,RajbariSadar,RajbariPaurashava,f60ce0136275d60203ba667167c37648
723935668,893cf1cb137ffff,23.74768225,89.64429272,Ghashphool,,"Ghashphool, ","ঘাশফুল, ",Rajbari,বাংলাদেশ,ঢাকা বিভাগ,housenumber,,,,Bangladesh,Dhaka,Rajbari,RajbariSadar,RajbariPaurashava,f60ce0136275d60203ba667167c37648
34947996,893cf1c845bffff,23.742744399231874,89.64917164996808,ফরিদপুর - রাজবাড়ী মহাসড়ক,['Faridpur - Rajbari Highway'],"Faridpur - Rajbari highway, -, Faridpur - Rajbari Highway, Rajbari, Rajbari District, Dhaka Division, Bangladesh","ফরিদপুর রাজবাড়ী মহাসড়ক, রাজবাড়ী জেলা, ঢাকা বিভাগ, বাংলাদেশ",Rajbari,বাংলাদেশ,ঢাকা বিভাগ,street,,,,Bangladesh,Dhaka,Rajbari,RajbariSadar,RajbariPaurashava,f60ce0136275d60203ba667167c37648
696184845,893cf1c98c7ffff,23.68432344055861,89.69848348220209,Faridpur - Rajbari Highway,,"Faridpur - Rajbari Highway, Rajbari, Rajbari District, Dhaka Division, Bangladesh","ফরিদপুর - রাজবারি মহাসড়ক, রাজবাড়ী জেলা, ঢাকা বিভাগ, বাংলাদেশ",Rajbari,বাংলাদেশ,ঢাকা বিভাগ,street,,,,Bangladesh,Dhaka,Rajbari,RajbariSadar,ShahidWahabpur,e1d320c30c5ed10cd98a5bfa9c5f25d8
60513476,893cf0ac637ffff,23.790904794179845,89.36460094753227,Dhaka - Kushtia Highway,,"Dhaka - Kushtia Highway, Khoksa Upazila, Kushtia District, Khulna Division, Bangladesh","Dhaka াকা - কুশিয়া হাইওয়ে, খোকসা উপজেলা, কুষ্টিয়া জেলা, খুলনা বিভাগ, বাংলাদেশ",খোকসা উপজেলা,বাংলাদেশ,খুলনা বিভাগ,street,,,,Bangladesh,Dhaka,Rajbari,Pangsha,MachhPara,910198b0652c81ff718c3d2b5158f3c7
60513476,893cf0ac637ffff,23.790904794179845,89.36460094753227,Dhaka - Kushtia Highway,,"Dhaka - Kushtia Highway, Pangsa, Rajbari District, Bangladesh","Dhaka াকা - কুশিয়া হাইওয়ে, রাজবাড়ী জেলা, বাংলাদেশ",Pangsa,বাংলাদেশ,,street,,,,Bangladesh,Dhaka,Rajbari,Pangsha,MachhPara,910198b0652c81ff718c3d2b5158f3c7
60513476,893cf0ac637ffff,23.790904794179845,89.36460094753227,Dhaka - Kushtia Highway,,"Dhaka - Kushtia Highway, Pangsa, Kushtia District, Khulna Division, Bangladesh","Dhaka াকা - কুশিয়া হাইওয়ে, কুষ্টিয়া জেলা, খুলনা বিভাগ, বাংলাদেশ",Pangsa,বাংলাদেশ,খুলনা বিভাগ,street,,,,Bangladesh,Dhaka,Rajbari,Pangsha,MachhPara,910198b0652c81ff718c3d2b5158f3c7
60513476,893cf0ac637ffff,23.790904794179845,89.36460094753227,Dhaka - Kushtia Highway,,"Dhaka - Kushtia Highway, Khoksa Upazila, Kushtia District, Dhaka Division, Bangladesh","Dhaka াকা - কুশিয়া হাইওয়ে, খোকসা উপজেলা, কুষ্টিয়া জেলা, ঢাকা বিভাগ, বাংলাদেশ",খোকসা উপজেলা,বাংলাদেশ,ঢাকা বিভাগ,street,,,,Bangladesh,Dhaka,Rajbari,Pangsha,MachhPara,910198b0652c81ff718c3d2b5158f3c7
757318826,893cf0369bbffff,23.75203087646264,89.56931113894015,Dhaka - Kushtia Highway,,"Dhaka - Kushtia Highway, Rajbari, Rajbari District, Dhaka Division, Bangladesh","Dhaka াকা - কুশিয়া হাইওয়ে, রাজবাড়ী জেলা, ঢাকা বিভাগ, বাংলাদেশ",Rajbari,বাংলাদেশ,ঢাকা বিভাগ,street,,,,Bangladesh,Dhaka,Rajbari,RajbariSadar,Chandani,62b12cd8ea35b38173fd5ae031b5faad
553713900,893cf0349b7ffff,23.70284955,89.60105025,Rajbari - Baliakandi Road,,"Rajbari - Baliakandi Road, Baliakandi Upazila, Rajbari District, Dhaka Division, Bangladesh","রাজবাড়ী - বালিয়াকান্দি রোড, বালিয়াকান্দি উপজেলা, রাজবাড়ী জেলা, ঢাকা বিভাগ, বাংলাদেশ",বালিয়াকান্দি উপজেলা,বাংলাদেশ,ঢাকা বিভাগ,street,,,,Bangladesh,Dhaka,Rajbari,RajbariSadar,Banibaha,c889c3aa9dc38b67e6c12184a18064b9
641160252,893cf032a17ffff,23.67344218175402,89.3654409655225,Langalbadh Road,,"Langalbadh Road, Pangsa, Rajbari District, Dhaka Division, Bangladesh","লাঙ্গালবাদ রোড, রাজবাড়ী জেলা, ঢাকা বিভাগ, বাংলাদেশ",Pangsa,বাংলাদেশ,ঢাকা বিভাগ,street,,,,Bangladesh,Dhaka,Rajbari,Pangsha,KasbaMajhail,9cb6d31ffca601ecbbc1bd7c393693db
702603852,893cf034817ffff,23.68947211,89.57390086,,,"Baliakandi Upazila, Rajbari District, Dhaka Division, Bangladesh","বালিয়াকান্দি উপজেলা, রাজবাড়ী জেলা, ঢাকা বিভাগ, বাংলাদেশ",বালিয়াকান্দি উপজেলা,বাংলাদেশ,ঢাকা বিভাগ,local_admin,boundaries,['place_of_worship_muslim'],[],Bangladesh,Dhaka,Rajbari,BaliaKandi,Baharpur,5629267f00207dd95b692e9a090b4546
721574964,893cf03481bffff,23.6845813,89.56706195,Baharpur Bazar Jame Mosque,,"Baharpur Bazar Jame Mosque, Baliakandi Upazila, Rajbari District, Dhaka Division, Bangladesh","বাহরপুর বাজার জামে মসজিদ, বালিয়াকান্দি উপজেলা, রাজবাড়ী জেলা, ঢাকা বিভাগ, বাংলাদেশ",বালিয়াকান্দি উপজেলা,বাংলাদেশ,ঢাকা বিভাগ,local_admin,boundaries,['place_of_worship_muslim'],[],Bangladesh,Dhaka,Rajbari,BaliaKandi,Baharpur,5629267f00207dd95b692e9a090b4546
757525803,893cf0348d3ffff,23.68769391,89.55962002,baharpur railway field,,"baharpur railway field, Baliakandi Upazila, Rajbari District, Dhaka Division, Bangladesh","বাহরপুর রেলওয়ে ক্ষেত্র, বালিয়াকান্দি উপজেলা, রাজবাড়ী জেলা, ঢাকা বিভাগ, বাংলাদেশ",বালিয়াকান্দি উপজেলা,বাংলাদেশ,ঢাকা বিভাগ,local_admin,boundaries,['playground'],[],Bangladesh,Dhaka,Rajbari,BaliaKandi,Islampur,339825c5ff42cf736f7033a35f307a9b
760115743,893cf0348bbffff,23.69379456,89.57467436,Baharpur Eidgah,,"Baharpur Eidgah, Baliakandi Upazila, Rajbari District, Dhaka Division, Bangladesh","বাহরপুর ইদগাহ, বালিয়াকান্দি উপজেলা, রাজবাড়ী জেলা, ঢাকা বিভাগ, বাংলাদেশ",বালিয়াকান্দি উপজেলা,বাংলাদেশ,ঢাকা বিভাগ,local_admin,boundaries,['place_of_worship_muslim'],[],Bangladesh,Dhaka,Rajbari,BaliaKandi,Baharpur,5629267f00207dd95b692e9a090b4546
760686814,893cf0348bbffff,23.69431005,89.5730188,,,"Baliakandi Upazila, Rajbari District, Dhaka Division, Bangladesh","বালিয়াকান্দি উপজেলা, রাজবাড়ী জেলা, ঢাকা বিভাগ, বাংলাদেশ",বালিয়াকান্দি উপজেলা,বাংলাদেশ,ঢাকা বিভাগ,local_admin,boundaries,['playground'],[],Bangladesh,Dhaka,Rajbari,BaliaKandi,Baharpur,5629267f00207dd95b692e9a090b4546
760888821,893cf0348b3ffff,23.69479026,89.57472346,,,"Baliakandi Upazila, Rajbari District, Dhaka Division, Bangladesh","বালিয়াকান্দি উপজেলা, রাজবাড়ী জেলা, ঢাকা বিভাগ, বাংলাদেশ",বালিয়াকান্দি উপজেলা,বাংলাদেশ,ঢাকা বিভাগ,local_admin,boundaries,['playground'],[],Bangladesh,Dhaka,Rajbari,BaliaKandi,Islampur,339825c5ff42cf736f7033a35f307a9b
906144114,893cf1d9527ffff,23.81550346,89.53091246,,,"Sujanagar, Pabna District, Rajshahi Division, Bangladesh","পাবনা জেলা, রাজশাহী বিভাগ, বাংলাদেশ",Sujanagar,বাংলাদেশ,রাজশাহী বিভাগ,local_admin,boundaries,['islet'],[],Bangladesh,Dhaka,Rajbari,RajbariSadar,Khanganj,2627b85bc09977370efde2a7c944c323
234784499,893cf1c98b3ffff,23.692267613054348,89.70709757193335,Dhaka - Faridpur Highway,,"Dhaka - Faridpur Highway, Rajbari, Rajbari District, Dhaka Division, Bangladesh","Dhaka াকা - ফরিদপুর হাইওয়ে, রাজবাড়ী জেলা, ঢাকা বিভাগ, বাংলাদেশ",Rajbari,বাংলাদেশ,ঢাকা বিভাগ,street,,,,Bangladesh,Dhaka,Rajbari,RajbariSadar,Khankhanapur,417216e8d7d52ad3d6463e2a7b10cef8
60513479,893cf1cb357ffff,23.719078903058904,89.62234244732015,Rajbari - Baliakandi Road,,"Rajbari - Baliakandi Road, Baliakandi Upazila, Rajbari District, Dhaka Division, Bangladesh","রাজবাড়ী - বালিয়াকান্দি রোড, বালিয়াকান্দি উপজেলা, রাজবাড়ী জেলা, ঢাকা বিভাগ, বাংলাদেশ",বালিয়াকান্দি উপজেলা,বাংলাদেশ,ঢাকা বিভাগ,street,,,,Bangladesh,Dhaka,Rajbari,RajbariSadar,Ramkantapur,74e2e4e43e34ba910ac7de2b14d6793f
60513479,893cf1cb357ffff,23.719078903058904,89.62234244732015,Rajbari - Baliakandi Road,,"Rajbari - Baliakandi Road, Rajbari, Rajbari District, Dhaka Division, Bangladesh","রাজবাড়ী - বালিয়াকান্দি রোড, রাজবাড়ী জেলা, ঢাকা বিভাগ, বাংলাদেশ",Rajbari,বাংলাদেশ,ঢাকা বিভাগ,street,,,,Bangladesh,Dhaka,Rajbari,RajbariSadar,Ramkantapur,74e2e4e43e34ba910ac7de2b14d6793f
641165308,893cf0adc13ffff,23.76008085586752,89.38729620204275,Kolanagar Rd,,"Kolanagar Rd, Pangsa, Rajbari District, Dhaka Division, Bangladesh","কোলানগর আরডি, রাজবাড়ী জেলা, ঢাকা বিভাগ, বাংলাদেশ",Pangsa,বাংলাদেশ,ঢাকা বিভাগ,street,,,,Bangladesh,Dhaka,Rajbari,Pangsha,Sarisha,b95bd8aea4fa17075d6a1518a1cc9195
641160250,893cf032d67ffff,23.707219777257183,89.38609235856939,Langalbadh Road,,"Langalbadh Road, Pangsa, Rajbari District, Dhaka Division, Bangladesh","লাঙ্গালবাদ রোড, রাজবাড়ী জেলা, ঢাকা বিভাগ, বাংলাদেশ",Pangsa,বাংলাদেশ,ঢাকা বিভাগ,street,,,,Bangladesh,Dhaka,Rajbari,Kalukhali,Saorail,90cdbe90a692e669888de170249595c9
275834802,893cf1c986bffff,23.673498486805343,89.70782608872923,ঢাকা-ফরিদপুর মহাসড়ক,['Dhaka-Faridpur Highway'],"Dhaka-Faridpur Highway, Rajbari, Rajbari District, Dhaka Division, Bangladesh","ঢাকা-ফরিদপুর মহাসড়ক, রাজবাড়ী জেলা, ঢাকা বিভাগ, বাংলাদেশ",Rajbari,বাংলাদেশ,ঢাকা বিভাগ,street,,,,Bangladesh,Dhaka,Rajbari,RajbariSadar,ShahidWahabpur,e1d320c30c5ed10cd98a5bfa9c5f25d8
234784809,893cf1cb1a7ffff,23.75152321298416,89.64012436316804,ঢাকা - কুষ্টিয়া মহাসড়ক,['Dhaka - Kushtia Highway'],"Dhaka - Kushtia Highway, -, Rajbari, Rajbari District, Dhaka Division, Bangladesh","ঢাকা কুষ্টিয়া মহাসড়ক, রাজবাড়ী জেলা, ঢাকা বিভাগ, বাংলাদেশ",Rajbari,বাংলাদেশ,ঢাকা বিভাগ,street,,,,Bangladesh,Dhaka,Rajbari,RajbariSadar,RajbariPaurashava,f60ce0136275d60203ba667167c37648
234784261,893cf1c98c7ffff,23.68438575371229,89.69853064365176,Faridpur - Rajbari Highway,,"Faridpur - Rajbari Highway, Rajbari, Rajbari District, Dhaka Division, Bangladesh","ফরিদপুর - রাজবারি মহাসড়ক, রাজবাড়ী জেলা, ঢাকা বিভাগ, বাংলাদেশ",Rajbari,বাংলাদেশ,ঢাকা বিভাগ,street,,,,Bangladesh,Dhaka,Rajbari,RajbariSadar,ShahidWahabpur,e1d320c30c5ed10cd98a5bfa9c5f25d8
641160249,893cf0adebbffff,23.74035265,89.38612845,Chotra Bridge,,"Chotra Bridge, Pangsa, Rajbari District, Dhaka Division, Bangladesh","চোট্রা ব্রিজ, রাজবাড়ী জেলা, ঢাকা বিভাগ, বাংলাদেশ",Pangsa,বাংলাদেশ,ঢাকা বিভাগ,street,,,,Bangladesh,Dhaka,Rajbari,Pangsha,Maurat,3ca947521bc3d75cc2b1c138c3ef96f4
34947995,893cf1c8263ffff,23.70740833662816,89.67230180849343,Faridpur - Rajbari Highway,,"Faridpur - Rajbari Highway, Rajbari, Rajbari District, Dhaka Division, Bangladesh","ফরিদপুর - রাজবারি মহাসড়ক, রাজবাড়ী জেলা, ঢাকা বিভাগ, বাংলাদেশ",Rajbari,বাংলাদেশ,ঢাকা বিভাগ,street,,,,Bangladesh,Dhaka,Rajbari,RajbariSadar,Alipur,7f3d9af7ee11c449403c6a7d06810ed0
10030379,893cf035953ffff,23.63603473,89.55243525,Baliakandi Government College,,"Baliakandi Government College, Baliakandi Upazila, Rajbari District, Dhaka Division, Bangladesh","বালিয়াকান্দি সরকারী কলেজ, বালিয়াকান্দি উপজেলা, রাজবাড়ী জেলা, ঢাকা বিভাগ, বাংলাদেশ",বালিয়াকান্দি উপজেলা,বাংলাদেশ,ঢাকা বিভাগ,local_admin,boundaries,['college'],[],Bangladesh,Dhaka,Rajbari,BaliaKandi,Baharpur,5629267f00207dd95b692e9a090b4546
10452616,893cf0348b3ffff,23.69476146,89.57481373,,,"Baliakandi Upazila, Rajbari District, Dhaka Division, Bangladesh","বালিয়াকান্দি উপজেলা, রাজবাড়ী জেলা, ঢাকা বিভাগ, বাংলাদেশ",বালিয়াকান্দি উপজেলা,বাংলাদেশ,ঢাকা বিভাগ,local_admin,boundaries,['school'],[],Bangladesh,Dhaka,Rajbari,BaliaKandi,Islampur,339825c5ff42cf736f7033a35f307a9b
10452617,893cf0348bbffff,23.69441233,89.57286371000001,,,"Baliakandi Upazila, Rajbari District, Dhaka Division, Bangladesh","বালিয়াকান্দি উপজেলা, রাজবাড়ী জেলা, ঢাকা বিভাগ, বাংলাদেশ",বালিয়াকান্দি উপজেলা,বাংলাদেশ,ঢাকা বিভাগ,local_admin,boundaries,['college'],[],Bangladesh,Dhaka,Rajbari,BaliaKandi,Baharpur,5629267f00207dd95b692e9a090b4546
696184846,893cf1c98c7ffff,23.68438554780074,89.6989779530954,Dhaka - Faridpur Highway,,"Dhaka - Faridpur Highway, Rajbari, Rajbari District, Dhaka Division, Bangladesh","Dhaka াকা - ফরিদপুর হাইওয়ে, রাজবাড়ী জেলা, ঢাকা বিভাগ, বাংলাদেশ",Rajbari,বাংলাদেশ,ঢাকা বিভাগ,street,,,,Bangladesh,Dhaka,Rajbari,RajbariSadar,ShahidWahabpur,e1d320c30c5ed10cd98a5bfa9c5f25d8
34948630,893cf1c98c7ffff,23.68381396790896,89.69891874925536,Dhaka - Faridpur Highway,,"Dhaka - Faridpur Highway, Rajbari, Rajbari District, Dhaka Division, Bangladesh","Dhaka াকা - ফরিদপুর হাইওয়ে, রাজবাড়ী জেলা, ঢাকা বিভাগ, বাংলাদেশ",Rajbari,বাংলাদেশ,ঢাকা বিভাগ,street,,,,Bangladesh,Dhaka,Rajbari,RajbariSadar,ShahidWahabpur,e1d320c30c5ed10cd98a5bfa9c5f25d8
3992028301,893cf0ad433ffff,23.7615815,89.3313991,Kalimahar,,"Kalimahar, Pangsa, Rajbari District, Dhaka Division, Bangladesh","কালিমাহার, রাজবাড়ী জেলা, ঢাকা বিভাগ, বাংলাদেশ",Pangsa,বাংলাদেশ,ঢাকা বিভাগ,locality,,,,Bangladesh,Dhaka,Rajbari,Pangsha,Kalimahar,5d1bc77cd5544bb2739871042f446bf7
654699671,893cf1c98c7ffff,23.683774166309057,89.6988011969478,Dhaka - Faridpur Highway,,"Dhaka - Faridpur Highway, Rajbari, Rajbari District, Dhaka Division, Bangladesh","Dhaka াকা - ফরিদপুর হাইওয়ে, রাজবাড়ী জেলা, ঢাকা বিভাগ, বাংলাদেশ",Rajbari,বাংলাদেশ,ঢাকা বিভাগ,street,,,,Bangladesh,Dhaka,Rajbari,RajbariSadar,ShahidWahabpur,e1d320c30c5ed10cd98a5bfa9c5f25d8
1065099961,893cf03416fffff,23.684161813281925,89.53582493956672,Chairman House Road,,"Chairman House Road, Baliakandi Upazila, Rajbari District, Dhaka Division, Bangladesh","চেয়ারম্যান হাউস রোড, বালিয়াকান্দি উপজেলা, রাজবাড়ী জেলা, ঢাকা বিভাগ, বাংলাদেশ",বালিয়াকান্দি উপজেলা,বাংলাদেশ,ঢাকা বিভাগ,street,,,,Bangladesh,Dhaka,Rajbari,BaliaKandi,Nawabpur,6647544502d862c9153236de5e513aa4
696184844,893cf1c98c7ffff,23.684323076684592,89.69902939285852,Dhaka - Faridpur Highway,,"Dhaka - Faridpur Highway, Rajbari, Rajbari District, Dhaka Division, Bangladesh","Dhaka াকা - ফরিদপুর হাইওয়ে, রাজবাড়ী জেলা, ঢাকা বিভাগ, বাংলাদেশ",Rajbari,বাংলাদেশ,ঢাকা বিভাগ,street,,,,Bangladesh,Dhaka,Rajbari,RajbariSadar,ShahidWahabpur,e1d320c30c5ed10cd98a5bfa9c5f25d8
3992028298,893cf0ac5abffff,23.8208629,89.3883725,Jashai,,"Jashai, Pangsa, Rajbari District, Dhaka Division, Bangladesh","জাশাই, রাজবাড়ী জেলা, ঢাকা বিভাগ, বাংলাদেশ",Pangsa,বাংলাদেশ,ঢাকা বিভাগ,locality,,,,Bangladesh,Dhaka,Rajbari,Pangsha,Jashai,21a2f941e10b78c0c60f92eec930121e
6139761931,893cf0ad267ffff,23.7166825,89.3425368,কসবা মাজহালি,['Kasba Majhali'],"Kasba Mazhali, Kasba Majhali, Pangsa, Rajbari District, Dhaka Division, Bangladesh","কসবা মাজহালি, রাজবাড়ী জেলা, ঢাকা বিভাগ, বাংলাদেশ",Pangsa,বাংলাদেশ,ঢাকা বিভাগ,locality,,,,Bangladesh,Dhaka,Rajbari,Pangsha,KasbaMajhail,9cb6d31ffca601ecbbc1bd7c393693db
553713910,893cf0349d3ffff,23.696187619411194,89.58251695434647,Rajbari - Baliakandi Road,,"Rajbari - Baliakandi Road, Baliakandi Upazila, Rajbari District, Dhaka Division, Bangladesh","রাজবাড়ী - বালিয়াকান্দি রোড, বালিয়াকান্দি উপজেলা, রাজবাড়ী জেলা, ঢাকা বিভাগ, বাংলাদেশ",বালিয়াকান্দি উপজেলা,বাংলাদেশ,ঢাকা বিভাগ,street,,,,Bangladesh,Dhaka,Rajbari,BaliaKandi,Islampur,339825c5ff42cf736f7033a35f307a9b
4237184591,893cf0a520fffff,23.8743177,89.3813931,Bahadurpur,,"Bahadurpur, Pangsa, Rajbari District, Dhaka Division, Bangladesh","বাহাদুরপুর, রাজবাড়ী জেলা, ঢাকা বিভাগ, বাংলাদেশ",Pangsa,বাংলাদেশ,ঢাকা বিভাগ,locality,,,,Bangladesh,Dhaka,Rajbari,Pangsha,Bahadurpur,c14556070bd946adaa67cb1c86cd2507
754478136,893cf034987ffff,23.701768052505297,89.59606525520849,Rajbari - Baliakandi Road,,"Rajbari - Baliakandi Road, Baliakandi Upazila, Rajbari District, Dhaka Division, Bangladesh","রাজবাড়ী - বালিয়াকান্দি রোড, বালিয়াকান্দি উপজেলা, রাজবাড়ী জেলা, ঢাকা বিভাগ, বাংলাদেশ",বালিয়াকান্দি উপজেলা,বাংলাদেশ,ঢাকা বিভাগ,street,,,,Bangladesh,Dhaka,Rajbari,BaliaKandi,Islampur,339825c5ff42cf736f7033a35f307a9b
6401824809,893cf032a17ffff,23.6717335,89.3672914,নাদুড়িয়া,,"Naduria, Pangsa, Rajbari District, Dhaka Division, Bangladesh","নাদুড়িয়া, রাজবাড়ী জেলা, ঢাকা বিভাগ, বাংলাদেশ",Pangsa,বাংলাদেশ,ঢাকা বিভাগ,locality,,,,Bangladesh,Dhaka,Rajbari,Pangsha,KasbaMajhail,9cb6d31ffca601ecbbc1bd7c393693db
3992028319,893cf0ad16bffff,23.7414673,89.3693271,সরিষা,,"Mustard, Pangsa, Rajbari District, Dhaka Division, Bangladesh","সরিষা, রাজবাড়ী জেলা, ঢাকা বিভাগ, বাংলাদেশ",Pangsa,বাংলাদেশ,ঢাকা বিভাগ,locality,,,,Bangladesh,Dhaka,Rajbari,Pangsha,Sarisha,b95bd8aea4fa17075d6a1518a1cc9195
3992028277,893cf1cae6bffff,23.7679875,89.6906571,Barat,,"Barat, Rajbari, Rajbari District, Dhaka Division, Bangladesh","বারাত, রাজবাড়ী জেলা, ঢাকা বিভাগ, বাংলাদেশ",Rajbari,বাংলাদেশ,ঢাকা বিভাগ,locality,,,,Bangladesh,Dhaka,Rajbari,RajbariSadar,Barat,956f76580134817ef660768afacfc785
754478135,893cf034983ffff,23.7000354,89.591197,Rajbari - Baliakandi Road,,"Rajbari - Baliakandi Road, Baliakandi Upazila, Rajbari District, Dhaka Division, Bangladesh","রাজবাড়ী - বালিয়াকান্দি রোড, বালিয়াকান্দি উপজেলা, রাজবাড়ী জেলা, ঢাকা বিভাগ, বাংলাদেশ",বালিয়াকান্দি উপজেলা,বাংলাদেশ,ঢাকা বিভাগ,street,,,,Bangladesh,Dhaka,Rajbari,BaliaKandi,Islampur,339825c5ff42cf736f7033a35f307a9b
3992028304,893cf0ac48bffff,23.8126723,89.3546768,Mach Para,,"Mach Para, Pangsa, Rajbari District, Dhaka Division, Bangladesh","মাচ প্যারা, রাজবাড়ী জেলা, ঢাকা বিভাগ, বাংলাদেশ",Pangsa,বাংলাদেশ,ঢাকা বিভাগ,locality,,,,Bangladesh,Dhaka,Rajbari,Pangsha,MachhPara,910198b0652c81ff718c3d2b5158f3c7
3991994784,893cf1c947bffff,23.6916901,89.6221262,Banibaha,,"Banibaha, Rajbari, Rajbari District, Dhaka Division, Bangladesh","বানিবাহা, রাজবাড়ী জেলা, ঢাকা বিভাগ, বাংলাদেশ",Rajbari,বাংলাদেশ,ঢাকা বিভাগ,locality,,,,Bangladesh,Dhaka,Rajbari,RajbariSadar,Banibaha,c889c3aa9dc38b67e6c12184a18064b9
6197574079,893cf0ac363ffff,23.7722156,89.3987094,কুলটিয়া,,"Coolia, Pangsa, Rajbari District, Dhaka Division, Bangladesh","কুলটিয়া, রাজবাড়ী জেলা, ঢাকা বিভাগ, বাংলাদেশ",Pangsa,বাংলাদেশ,ঢাকা বিভাগ,locality,,,,Bangladesh,Dhaka,Rajbari,Pangsha,PangshaPaurashava,db5d434668bb5af4ded934024316fdd4
1623159427,893cf1c84d7ffff,23.7539002,89.6478006,রাজবাড়ী,"['রাজবাড়ী', 'Rajbari', 'Rajbari']","Rajbari, Rajbari District, Dhaka Division, Bangladesh","রাজবাড়ী, রাজবাড়ী জেলা, ঢাকা বিভাগ, বাংলাদেশ",Rajbari,বাংলাদেশ,ঢাকা বিভাগ,locality,,,,Bangladesh,Dhaka,Rajbari,RajbariSadar,RajbariPaurashava,f60ce0136275d60203ba667167c37648
3977965248,893cf1c9c87ffff,23.7076087,89.6859245,Alipur,,"Alipur, Rajbari, Rajbari District, Dhaka Division, Bangladesh","আলিপুর, রাজবাড়ী জেলা, ঢাকা বিভাগ, বাংলাদেশ",Rajbari,বাংলাদেশ,ঢাকা বিভাগ,locality,,,,Bangladesh,Dhaka,Rajbari,RajbariSadar,Alipur,7f3d9af7ee11c449403c6a7d06810ed0
3991994807,893cf1c9303ffff,23.6709688,89.6559847,Mulghar,,"Mulghar, Rajbari, Rajbari District, Dhaka Division, Bangladesh","মুলগর, রাজবাড়ী জেলা, ঢাকা বিভাগ, বাংলাদেশ",Rajbari,বাংলাদেশ,ঢাকা বিভাগ,locality,,,,Bangladesh,Dhaka,Rajbari,RajbariSadar,Mulghar,b13860f0881c233ebdb53b60115c3c17
3991994787,893cf1c80a3ffff,23.7434044,89.6782857,Dadshi,,"Dadshi, Rajbari, Rajbari District, Dhaka Division, Bangladesh","দাদশী, রাজবাড়ী জেলা, ঢাকা বিভাগ, বাংলাদেশ",Rajbari,বাংলাদেশ,ঢাকা বিভাগ,locality,,,,Bangladesh,Dhaka,Rajbari,RajbariSadar,Dadshi,1d82911558d0d5927fec162043412e45
9822374466,893cf1cb1a7ffff,23.7519411,89.6427186,Barbakpur,,"Barbakpur, Rajbari, Rajbari District, Dhaka Division, Bangladesh","বারবাকপুর, রাজবাড়ী জেলা, ঢাকা বিভাগ, বাংলাদেশ",Rajbari,বাংলাদেশ,ঢাকা বিভাগ,locality,,,,Bangladesh,Dhaka,Rajbari,RajbariSadar,RajbariPaurashava,f60ce0136275d60203ba667167c37648
757318826,893cf0369bbffff,23.75203087646264,89.56931113894015,Dhaka - Kushtia Highway,,"Dhaka - Kushtia Highway, Pangsa, Rajbari District, Dhaka Division, Bangladesh","Dhaka াকা - কুশিয়া হাইওয়ে, রাজবাড়ী জেলা, ঢাকা বিভাগ, বাংলাদেশ",Pangsa,বাংলাদেশ,ঢাকা বিভাগ,street,,,,Bangladesh,Dhaka,Rajbari,RajbariSadar,Chandani,62b12cd8ea35b38173fd5ae031b5faad
757510357,893cf034d6fffff,23.6976219,89.58395440000001,Rajbari - Baliakandi Road,,"Rajbari - Baliakandi Road, Baliakandi Upazila, Rajbari District, Dhaka Division, Bangladesh","রাজবাড়ী - বালিয়াকান্দি রোড, বালিয়াকান্দি উপজেলা, রাজবাড়ী জেলা, ঢাকা বিভাগ, বাংলাদেশ",বালিয়াকান্দি উপজেলা,বাংলাদেশ,ঢাকা বিভাগ,street,,,,Bangladesh,Dhaka,Rajbari,BaliaKandi,Islampur,339825c5ff42cf736f7033a35f307a9b
757318825,893cf1d924bffff,23.75889375,89.50063555,Dhaka - Kushtia Highway,,"Dhaka - Kushtia Highway, Pangsa, Rajbari District, Dhaka Division, Bangladesh","Dhaka াকা - কুশিয়া হাইওয়ে, রাজবাড়ী জেলা, ঢাকা বিভাগ, বাংলাদেশ",Pangsa,বাংলাদেশ,ঢাকা বিভাগ,street,,,,Bangladesh,Dhaka,Rajbari,Kalukhali,Ratandia,576f2661011087240efda82f64c15a5e
757510473,893cf0348a7ffff,23.69528825,89.58075375,Rajbari - Baliakandi Road,,"Rajbari - Baliakandi Road, Baliakandi Upazila, Rajbari District, Dhaka Division, Bangladesh","রাজবাড়ী - বালিয়াকান্দি রোড, বালিয়াকান্দি উপজেলা, রাজবাড়ী জেলা, ঢাকা বিভাগ, বাংলাদেশ",বালিয়াকান্দি উপজেলা,বাংলাদেশ,ঢাকা বিভাগ,street,,,,Bangladesh,Dhaka,Rajbari,BaliaKandi,Baharpur,5629267f00207dd95b692e9a090b4546
756519806,893cf03595bffff,23.6351756,89.5505922,Rajbari - Baliakandi Road,,"Rajbari - Baliakandi Road, Baliakandi Upazila, Rajbari District, Dhaka Division, Bangladesh","রাজবাড়ী - বালিয়াকান্দি রোড, বালিয়াকান্দি উপজেলা, রাজবাড়ী জেলা, ঢাকা বিভাগ, বাংলাদেশ",বালিয়াকান্দি উপজেলা,বাংলাদেশ,ঢাকা বিভাগ,street,,,,Bangladesh,Dhaka,Rajbari,BaliaKandi,Baharpur,5629267f00207dd95b692e9a090b4546
757510358,893cf03499bffff,23.69872792152489,89.58746830064469,Rajbari - Baliakandi Road,,"Rajbari - Baliakandi Road, Baliakandi Upazila, Rajbari District, Dhaka Division, Bangladesh","রাজবাড়ী - বালিয়াকান্দি রোড, বালিয়াকান্দি উপজেলা, রাজবাড়ী জেলা, ঢাকা বিভাগ, বাংলাদেশ",বালিয়াকান্দি উপজেলা,বাংলাদেশ,ঢাকা বিভাগ,street,,,,Bangladesh,Dhaka,Rajbari,BaliaKandi,Islampur,339825c5ff42cf736f7033a35f307a9b
757510474,893cf0348a3ffff,23.69475044763019,89.57743564910751,Rajbari - Baliakandi Road,,"Rajbari - Baliakandi Road, Baliakandi Upazila, Rajbari District, Dhaka Division, Bangladesh","রাজবাড়ী - বালিয়াকান্দি রোড, বালিয়াকান্দি উপজেলা, রাজবাড়ী জেলা, ঢাকা বিভাগ, বাংলাদেশ",বালিয়াকান্দি উপজেলা,বাংলাদেশ,ঢাকা বিভাগ,street,,,,Bangladesh,Dhaka,Rajbari,BaliaKandi,Baharpur,5629267f00207dd95b692e9a090b4546
34958463,893cf034a03ffff,23.66519574226528,89.56632179910086,Rajbari - Baliakandi Road,,"Rajbari - Baliakandi Road, Baliakandi Upazila, Rajbari District, Dhaka Division, Bangladesh","রাজবাড়ী - বালিয়াকান্দি রোড, বালিয়াকান্দি উপজেলা, রাজবাড়ী জেলা, ঢাকা বিভাগ, বাংলাদেশ",বালিয়াকান্দি উপজেলা,বাংলাদেশ,ঢাকা বিভাগ,street,,,,Bangladesh,Dhaka,Rajbari,BaliaKandi,Baharpur,5629267f00207dd95b692e9a090b4546
3992028303,893cf1d9e97ffff,23.7931619,89.5506653,Khanganj,,"Khanganj, Pangsa, Rajbari District, Dhaka Division, Bangladesh","খানগঞ্জ, রাজবাড়ী জেলা, ঢাকা বিভাগ, বাংলাদেশ",Pangsa,বাংলাদেশ,ঢাকা বিভাগ,locality,,,,Bangladesh,Dhaka,Rajbari,RajbariSadar,Khanganj,2627b85bc09977370efde2a7c944c323
3991994794,893cf022927ffff,23.5919295,89.5353639,জঙ্গল,['Jangal'],"Jungle, Jangal, Baliakandi Upazila, Rajbari District, Dhaka Division, Bangladesh","জঙ্গল, বালিয়াকান্দি উপজেলা, রাজবাড়ী জেলা, ঢাকা বিভাগ, বাংলাদেশ",বালিয়াকান্দি উপজেলা,বাংলাদেশ,ঢাকা বিভাগ,locality,,,,Bangladesh,Dhaka,Rajbari,BaliaKandi,Jangal,7eb39c0668a27358befcd159013a72c7
3992028313,893cf1d90cfffff,23.789736,89.5028076,Ratandia,,"Ratandia, Pangsa, Rajbari District, Dhaka Division, Bangladesh","রতান্দিয়া, রাজবাড়ী জেলা, ঢাকা বিভাগ, বাংলাদেশ",Pangsa,বাংলাদেশ,ঢাকা বিভাগ,locality,,,,Bangladesh,Dhaka,Rajbari,Kalukhali,Ratandia,576f2661011087240efda82f64c15a5e
3991994812,893cf034317ffff,23.6761867,89.5238064,Nawabpur,,"Nawabpur, Baliakandi Upazila, Rajbari District, Dhaka Division, Bangladesh","নবাবপুর, বালিয়াকান্দি উপজেলা, রাজবাড়ী জেলা, ঢাকা বিভাগ, বাংলাদেশ",বালিয়াকান্দি উপজেলা,বাংলাদেশ,ঢাকা বিভাগ,locality,,,,Bangladesh,Dhaka,Rajbari,BaliaKandi,Nawabpur,6647544502d862c9153236de5e513aa4
2447821953,893cf035827ffff,23.6351881,89.5484979,বালিয়াকান্দি,"['বালিয়াকান্দি', 'Baliakandi']","Baliakandi, Baliakandi Upazila, Rajbari District, Dhaka Division, Bangladesh","বালিয়াকান্দি, বালিয়াকান্দি উপজেলা, রাজবাড়ী জেলা, ঢাকা বিভাগ, বাংলাদেশ",বালিয়াকান্দি উপজেলা,বাংলাদেশ,ঢাকা বিভাগ,locality,,,,Bangladesh,Dhaka,Rajbari,BaliaKandi,Baharpur,5629267f00207dd95b692e9a090b4546
2447821953,893cf035827ffff,23.6351881,89.5484979,বালিয়াকান্দি,"['বালিয়াকান্দি', 'Baliakandi']","Baliakandi, Baliakandi Upazila, Rajbari District, Dhaka Division, Bangladesh","বালিয়াকান্দি, বালিয়াকান্দি উপজেলা, রাজবাড়ী জেলা, ঢাকা বিভাগ, বাংলাদেশ",বালিয়াকান্দি উপজেলা,বাংলাদেশ,ঢাকা বিভাগ,locality,,,,Bangladesh,Dhaka,Rajbari,BaliaKandi,Baliakandi,ec0474236d46f184a2370c9495a1a1eb
317600188,893cf1cf3c3ffff,23.7698251,89.7873287,দৌলতদিয়া ফেরি টার্মিনাল,"['দৌলতদিয়া ফেরি টার্মিনাল', 'Daulatdia Ferry Terminal']","Daulatdia Ferry Terminal, Goalandaghat, Rajbari District, Dhaka Division, Bangladesh","দৌলতদিয়া ফেরি টার্মিনাল, রাজবাড়ী জেলা, ঢাকা বিভাগ, বাংলাদেশ",Goalandaghat,বাংলাদেশ,ঢাকা বিভাগ,local_admin,boundaries,['ferry_terminal'],[],Bangladesh,Dhaka,Rajbari,Goalandaghat,Daulatdia,e53566fdf8f8ed00f1bf0e2cb71d4e2b
1472130093,893cf1cf237ffff,23.7643505,89.7827117,গোয়ালন্দ ঘাট,['Goalundo Ghat'],"Goaland Ghat, Goalandaghat, Rajbari District, Dhaka Division, Bangladesh","গোয়ালন্দ ঘাট, রাজবাড়ী জেলা, ঢাকা বিভাগ, বাংলাদেশ",Goalandaghat,বাংলাদেশ,ঢাকা বিভাগ,local_admin,boundaries,['railway_station'],[],Bangladesh,Dhaka,Rajbari,Goalandaghat,Daulatdia,e53566fdf8f8ed00f1bf0e2cb71d4e2b
2365517025,893cf1c886bffff,23.7240229,89.7466981,Goalanda Upazila Health Complex,,"Goalanda Upazila Health Complex, Goalandaghat, Rajbari District, Dhaka Division, Bangladesh","গোল্লান্ডা উপজিলা স্বাস্থ্য কমপ্লেক্স, রাজবাড়ী জেলা, ঢাকা বিভাগ, বাংলাদেশ",Goalandaghat,বাংলাদেশ,ঢাকা বিভাগ,local_admin,boundaries,['hospital'],[],Bangladesh,Dhaka,Rajbari,Goalandaghat,GoalandaghatPaurashava,0dec81e3e7bb97b9d8d06fa01a7c13c4
2365517025,893cf1c886bffff,23.7240229,89.7466981,Goalanda Upazila Health Complex,,"Goalanda Upazila Health Complex, Goalandaghat, Rajbari District, Dhaka Division, Bangladesh","গোল্লান্ডা উপজিলা স্বাস্থ্য কমপ্লেক্স, রাজবাড়ী জেলা, ঢাকা বিভাগ, বাংলাদেশ",Goalandaghat,বাংলাদেশ,ঢাকা বিভাগ,local_admin,boundaries,['hospital'],[],Bangladesh,Dhaka,Rajbari,Goalandaghat,UjanChar,ad29bf7fe7a521b83a81dfa29537754a
2425716838,893cf1c8cdbffff,23.7478822,89.7108993,পাঁচুরিয়া জংশন,['Pachuria'],"Panchuria Junction, Rajbari, Rajbari District, Dhaka Division, Bangladesh","পাঁচুরিয়া জংশন, রাজবাড়ী জেলা, ঢাকা বিভাগ, বাংলাদেশ",Rajbari,বাংলাদেশ,ঢাকা বিভাগ,local_admin,boundaries,['railway_station'],[],Bangladesh,Dhaka,Rajbari,RajbariSadar,Barat,956f76580134817ef660768afacfc785
2429171728,893cf1c8babffff,23.7239033,89.7641298,গোয়ালন্দ বাজার,"['গোয়ালন্দ বাজার রেলওয়ে স্টেশন', 'Goalanda Bazar Railway Station']","Goaland Bazar, Goalandaghat, Rajbari District, Dhaka Division, Bangladesh","গোয়ালন্দ বাজার, রাজবাড়ী জেলা, ঢাকা বিভাগ, বাংলাদেশ",Goalandaghat,বাংলাদেশ,ঢাকা বিভাগ,local_admin,boundaries,['railway_station'],[],Bangladesh,Dhaka,Rajbari,Goalandaghat,UjanChar,ad29bf7fe7a521b83a81dfa29537754a
4571989401,893cf1c981bffff,23.6808188,89.7005634,,['Atoshi Gas Station'],"Rajbari, Rajbari District, Dhaka Division, Bangladesh","রাজবাড়ী জেলা, ঢাকা বিভাগ, বাংলাদেশ",Rajbari,বাংলাদেশ,ঢাকা বিভাগ,local_admin,boundaries,['fuel'],[],Bangladesh,Dhaka,Rajbari,RajbariSadar,ShahidWahabpur,e1d320c30c5ed10cd98a5bfa9c5f25d8
5540693831,893cf1c8babffff,23.7241406,89.7652728,Goalanda J.N.Govt.Primary School,,"Goalanda J.N.Govt.Primary School, Goalandaghat, Rajbari District, Dhaka Division, Bangladesh","গোল্লান্ডা জে.এন.গভটি.প্রিমারি স্কুল, রাজবাড়ী জেলা, ঢাকা বিভাগ, বাংলাদেশ",Goalandaghat,বাংলাদেশ,ঢাকা বিভাগ,local_admin,boundaries,['school'],[],Bangladesh,Dhaka,Rajbari,Goalandaghat,UjanChar,ad29bf7fe7a521b83a81dfa29537754a
5540694848,893cf1c8ba3ffff,23.7258216,89.7633048,Goalanda Bazar,,"Goalanda Bazar, Goalandaghat, Rajbari District, Dhaka Division, Bangladesh","গোল্লান্ডা বাজার, রাজবাড়ী জেলা, ঢাকা বিভাগ, বাংলাদেশ",Goalandaghat,বাংলাদেশ,ঢাকা বিভাগ,local_admin,boundaries,['marketplace'],[],Bangladesh,Dhaka,Rajbari,Goalandaghat,UjanChar,ad29bf7fe7a521b83a81dfa29537754a
7517284169,893cf1c9b43ffff,23.6618072,89.7190272,বসন্তপুর,,"Basantpur, Rajbari, Rajbari District, Dhaka Division, Bangladesh","বসন্তপুর, রাজবাড়ী জেলা, ঢাকা বিভাগ, বাংলাদেশ",Rajbari,বাংলাদেশ,ঢাকা বিভাগ,local_admin,boundaries,['railway_station'],[],Bangladesh,Dhaka,Rajbari,RajbariSadar,Basantapur,2931db1a58ea8c83a64954321695264b
7517284170,893cf1c9d73ffff,23.7012754,89.7133808,খানখানাপুর,,"Khankhanapur, Rajbari, Rajbari District, Dhaka Division, Bangladesh","খানখানাপুর, রাজবাড়ী জেলা, ঢাকা বিভাগ, বাংলাদেশ",Rajbari,বাংলাদেশ,ঢাকা বিভাগ,local_admin,boundaries,['railway_station'],[],Bangladesh,Dhaka,Rajbari,RajbariSadar,Khankhanapur,417216e8d7d52ad3d6463e2a7b10cef8
8483388450,893cf1cf3c3ffff,23.7695685,89.7861125,,,"Goalandaghat, Rajbari District, Dhaka Division, Bangladesh","রাজবাড়ী জেলা, ঢাকা বিভাগ, বাংলাদেশ",Goalandaghat,বাংলাদেশ,ঢাকা বিভাগ,local_admin,boundaries,['ferry_terminal'],[],Bangladesh,Dhaka,Rajbari,Goalandaghat,Daulatdia,e53566fdf8f8ed00f1bf0e2cb71d4e2b
8483388468,893cf1cf3c3ffff,23.769313,89.7872936,দৌলতদিয়া ফেরি টার্মিনাল,"['দৌলতদিয়া ফেরি টার্মিনাল', 'Daulatdia Ferry Terminal']","Daulatdia Ferry Terminal, Goalandaghat, Rajbari District, Dhaka Division, Bangladesh","দৌলতদিয়া ফেরি টার্মিনাল, রাজবাড়ী জেলা, ঢাকা বিভাগ, বাংলাদেশ",Goalandaghat,বাংলাদেশ,ঢাকা বিভাগ,local_admin,boundaries,['ferry_terminal'],[],Bangladesh,Dhaka,Rajbari,Goalandaghat,Daulatdia,e53566fdf8f8ed00f1bf0e2cb71d4e2b
8871334445,893cf1cf2afffff,23.7691003,89.7803258,,,"Goalandaghat, Rajbari District, Dhaka Division, Bangladesh","রাজবাড়ী জেলা, ঢাকা বিভাগ, বাংলাদেশ",Goalandaghat,বাংলাদেশ,ঢাকা বিভাগ,local_admin,boundaries,['ferry_terminal'],[],Bangladesh,Dhaka,Rajbari,Goalandaghat,Daulatdia,e53566fdf8f8ed00f1bf0e2cb71d4e2b
8871334463,893cf1cf3dbffff,23.7695092,89.7827862,,,"Goalandaghat, Rajbari District, Dhaka Division, Bangladesh","রাজবাড়ী জেলা, ঢাকা বিভাগ, বাংলাদেশ",Goalandaghat,বাংলাদেশ,ঢাকা বিভাগ,local_admin,boundaries,['ferry_terminal'],[],Bangladesh,Dhaka,Rajbari,Goalandaghat,Daulatdia,e53566fdf8f8ed00f1bf0e2cb71d4e2b
8871334475,893cf1cf3dbffff,23.7696469,89.7839195,,,"Goalandaghat, Rajbari District, Dhaka Division, Bangladesh","রাজবাড়ী জেলা, ঢাকা বিভাগ, বাংলাদেশ",Goalandaghat,বাংলাদেশ,ঢাকা বিভাগ,local_admin,boundaries,['ferry_terminal'],[],Bangladesh,Dhaka,Rajbari,Goalandaghat,Daulatdia,e53566fdf8f8ed00f1bf0e2cb71d4e2b
9591980459,893cf1cf277ffff,23.7586561,89.7777726,MUKTIJODDHA FAKIR ABDUL JABBAR GIRLS JUNIOR SCHOOL,,"MUKTIJODDHA FAKIR ABDUL JABBAR GIRLS JUNIOR SCHOOL, Goalandaghat, Rajbari District, Dhaka Division, Bangladesh","মুক্তজোদ্দা ফাকির আবদুল জব্বার গার্লস জুনিয়র স্কুল, রাজবাড়ী জেলা, ঢাকা বিভাগ, বাংলাদেশ",Goalandaghat,বাংলাদেশ,ঢাকা বিভাগ,local_admin,boundaries,['school'],[],Bangladesh,Dhaka,Rajbari,Goalandaghat,Daulatdia,e53566fdf8f8ed00f1bf0e2cb71d4e2b
9591980460,893cf1c8993ffff,23.7491363,89.7587671,DAULATDIA AKKAS ALI HIGH SCHOOL,,"DAULATDIA AKKAS ALI HIGH SCHOOL, Goalandaghat, Rajbari District, Dhaka Division, Bangladesh","দৌলতিয়া আক্কাস আলী উচ্চ বিদ্যালয়, রাজবাড়ী জেলা, ঢাকা বিভাগ, বাংলাদেশ",Goalandaghat,বাংলাদেশ,ঢাকা বিভাগ,local_admin,boundaries,['school'],[],Bangladesh,Dhaka,Rajbari,Goalandaghat,Daulatdia,e53566fdf8f8ed00f1bf0e2cb71d4e2b
9591980461,893cf1c89b3ffff,23.7515596,89.7690315,DAULATDIA MODEL HIGH SCHOOL,,"DAULATDIA MODEL HIGH SCHOOL, Goalandaghat, Rajbari District, Dhaka Division, Bangladesh","দৌলতিয়া মডেল উচ্চ বিদ্যালয়, রাজবাড়ী জেলা, ঢাকা বিভাগ, বাংলাদেশ",Goalandaghat,বাংলাদেশ,ঢাকা বিভাগ,local_admin,boundaries,['school'],[],Bangladesh,Dhaka,Rajbari,Goalandaghat,Daulatdia,e53566fdf8f8ed00f1bf0e2cb71d4e2b
9591980462,893cf1c8b97ffff,23.7293165,89.7546527,Dewan Para Rahamat Ullah Junior Secondary School,,"Dewan Para Rahamat Ullah Junior Secondary School, Goalandaghat, Rajbari District, Dhaka Division, Bangladesh","দেওয়ান পরা রাহামাত উল্লাহ জুনিয়র মাধ্যমিক বিদ্যালয়, রাজবাড়ী জেলা, ঢাকা বিভাগ, বাংলাদেশ",Goalandaghat,বাংলাদেশ,ঢাকা বিভাগ,local_admin,boundaries,['school'],[],Bangladesh,Dhaka,Rajbari,Goalandaghat,UjanChar,ad29bf7fe7a521b83a81dfa29537754a
9591980463,893cf1c8b87ffff,23.7257795,89.758435,Goalundo Ideal High School,,"Goalundo Ideal High School, Goalandaghat, Rajbari District, Dhaka Division, Bangladesh","গোলুন্দো আদর্শ উচ্চ বিদ্যালয়, রাজবাড়ী জেলা, ঢাকা বিভাগ, বাংলাদেশ",Goalandaghat,বাংলাদেশ,ঢাকা বিভাগ,local_admin,boundaries,['school'],[],Bangladesh,Dhaka,Rajbari,Goalandaghat,UjanChar,ad29bf7fe7a521b83a81dfa29537754a
9591980464,893cf1c8b17ffff,23.7227441,89.7609698,Jamtala High School,,"Jamtala High School, Goalandaghat, Rajbari District, Dhaka Division, Bangladesh","জামতালা উচ্চ বিদ্যালয়, রাজবাড়ী জেলা, ঢাকা বিভাগ, বাংলাদেশ",Goalandaghat,বাংলাদেশ,ঢাকা বিভাগ,local_admin,boundaries,['school'],[],Bangladesh,Dhaka,Rajbari,Goalandaghat,UjanChar,ad29bf7fe7a521b83a81dfa29537754a
9591980465,893cf1c8b13ffff,23.7195658,89.7576523,Goalanda Nazir Uddin Pilot Govt. High School,,"Goalanda Nazir Uddin Pilot Govt. High School, Goalandaghat, Rajbari District, Dhaka Division, Bangladesh","গোল্লান্ডা নাজির উদদিন পাইলট সরকার।উচ্চ বিদ্যালয, রাজবাড়ী জেলা, ঢাকা বিভাগ, বাংলাদেশ",Goalandaghat,বাংলাদেশ,ঢাকা বিভাগ,local_admin,boundaries,['school'],[],Bangladesh,Dhaka,Rajbari,Goalandaghat,UjanChar,ad29bf7fe7a521b83a81dfa29537754a
9591980466,893cf1c8b67ffff,23.7115865,89.766433,Shahaj Uddin Mondol Institute,,"Shahaj Uddin Mondol Institute, Goalandaghat, Rajbari District, Dhaka Division, Bangladesh","শাহাজ উডদিন মন্ডল ইনস্টিটিউট, রাজবাড়ী জেলা, ঢাকা বিভাগ, বাংলাদেশ",Goalandaghat,বাংলাদেশ,ঢাকা বিভাগ,local_admin,boundaries,['school'],[],Bangladesh,Dhaka,Rajbari,Goalandaghat,UjanChar,ad29bf7fe7a521b83a81dfa29537754a
9591980467,893cf1c8b9bffff,23.7241348,89.751363,Goalundo Shahid Smrity Govt Girls School,,"Goalundo Shahid Smrity Govt Girls School, Goalandaghat, Rajbari District, Dhaka Division, Bangladesh","গোলুন্দো শহীদ স্মরিটি গভর্ন্ট গার্লস স্কুল, রাজবাড়ী জেলা, ঢাকা বিভাগ, বাংলাদেশ",Goalandaghat,বাংলাদেশ,ঢাকা বিভাগ,local_admin,boundaries,['school'],[],Bangladesh,Dhaka,Rajbari,Goalandaghat,UjanChar,ad29bf7fe7a521b83a81dfa29537754a
9591980468,893cf1c886fffff,23.7255352,89.7493658,Goalundo Proper High School,,"Goalundo Proper High School, Goalandaghat, Rajbari District, Dhaka Division, Bangladesh","গোলুন্দো যথাযথ উচ্চ বিদ্যালয়, রাজবাড়ী জেলা, ঢাকা বিভাগ, বাংলাদেশ",Goalandaghat,বাংলাদেশ,ঢাকা বিভাগ,local_admin,boundaries,['school'],[],Bangladesh,Dhaka,Rajbari,Goalandaghat,UjanChar,ad29bf7fe7a521b83a81dfa29537754a
9591980469,893cf1c8ddbffff,23.755681,89.7332417,Chowdhury Abdul Hamid Academy,,"Chowdhury Abdul Hamid Academy, Goalandaghat, Rajbari District, Dhaka Division, Bangladesh","চৌধুরী আবদুল হামিদ একাডেমি, রাজবাড়ী জেলা, ঢাকা বিভাগ, বাংলাদেশ",Goalandaghat,বাংলাদেশ,ঢাকা বিভাগ,local_admin,boundaries,['school'],[],Bangladesh,Dhaka,Rajbari,Goalandaghat,Debagram,c6565025338523e54c37156ba3b06d96
9702439947,893cf1c98b7ffff,23.6946178,89.7107354,Khan Khanapur Tamiz Uddin Khan Girls High School,,"Khan Khanapur Tamiz Uddin Khan Girls High School, Rajbari, Rajbari District, Dhaka Division, Bangladesh","খান খানাপুর তামিজ উদদিন খান গার্লস হাই স্কুল, রাজবাড়ী জেলা, ঢাকা বিভাগ, বাংলাদেশ",Rajbari,বাংলাদেশ,ঢাকা বিভাগ,local_admin,boundaries,"['educational_institution', 'school']",[],Bangladesh,Dhaka,Rajbari,RajbariSadar,Khankhanapur,417216e8d7d52ad3d6463e2a7b10cef8
9702439948,893cf152607ffff,23.6756392,89.7499396,34 No. Char Chandpur Govt. Primary School,,"34 No. Char Chandpur Govt. Primary School, Rajbari, Rajbari District, Dhaka Division, Bangladesh","34 নং চর চাঁদপুর সরকার।প্রাথমিক বিদ্যালয়, রাজবাড়ী জেলা, ঢাকা বিভাগ, বাংলাদেশ",Rajbari,বাংলাদেশ,ঢাকা বিভাগ,local_admin,boundaries,"['educational_institution', 'school']",[],Bangladesh,Dhaka,Rajbari,RajbariSadar,Khankhanapur,417216e8d7d52ad3d6463e2a7b10cef8
9702548030,893cf1c8867ffff,23.72763,89.7502665,Goalundo Proper High School,,"Goalundo Proper High School, Goalandaghat, Rajbari District, Dhaka Division, Bangladesh","গোলুন্দো যথাযথ উচ্চ বিদ্যালয়, রাজবাড়ী জেলা, ঢাকা বিভাগ, বাংলাদেশ",Goalandaghat,বাংলাদেশ,ঢাকা বিভাগ,local_admin,boundaries,"['educational_institution', 'school']",[],Bangladesh,Dhaka,Rajbari,Goalandaghat,UjanChar,ad29bf7fe7a521b83a81dfa29537754a
9702548031,893cf1c8b1bffff,23.71897,89.7570757,Goalanda Nazir Uddin Pilot Govt. High School,,"Goalanda Nazir Uddin Pilot Govt. High School, Goalandaghat, Rajbari District, Dhaka Division, Bangladesh","গোল্লান্ডা নাজির উদদিন পাইলট সরকার।উচ্চ বিদ্যালয, রাজবাড়ী জেলা, ঢাকা বিভাগ, বাংলাদেশ",Goalandaghat,বাংলাদেশ,ঢাকা বিভাগ,local_admin,boundaries,"['educational_institution', 'school']",[],Bangladesh,Dhaka,Rajbari,Goalandaghat,UjanChar,ad29bf7fe7a521b83a81dfa29537754a
26002560,893cf1c1acbffff,23.81353113,89.73156439,,,"Goalandaghat, Rajbari District, Dhaka Division, Bangladesh","রাজবাড়ী জেলা, ঢাকা বিভাগ, বাংলাদেশ",Goalandaghat,বাংলাদেশ,ঢাকা বিভাগ,local_admin,boundaries,['island'],[],Bangladesh,Dhaka,Rajbari,Goalandaghat,Daulatdia,e53566fdf8f8ed00f1bf0e2cb71d4e2b
578172970,893cf1c8ba3ffff,23.72427232,89.76530547,Goalanda J.N.Govt.Primary School,,"Goalanda J.N.Govt.Primary School, Goalandaghat, Rajbari District, Dhaka Division, Bangladesh","গোল্লান্ডা জে.এন.গভটি.প্রিমারি স্কুল, রাজবাড়ী জেলা, ঢাকা বিভাগ, বাংলাদেশ",Goalandaghat,বাংলাদেশ,ঢাকা বিভাগ,local_admin,boundaries,['school'],[],Bangladesh,Dhaka,Rajbari,Goalandaghat,UjanChar,ad29bf7fe7a521b83a81dfa29537754a
578172990,893cf1c8babffff,23.72417536,89.76540798,Goalanda J.N.Govt.Primary School,,"Goalanda J.N.Govt.Primary School, Goalandaghat, Rajbari District, Dhaka Division, Bangladesh","গোল্লান্ডা জে.এন.গভটি.প্রিমারি স্কুল, রাজবাড়ী জেলা, ঢাকা বিভাগ, বাংলাদেশ",Goalandaghat,বাংলাদেশ,ঢাকা বিভাগ,local_admin,boundaries,['school'],[],Bangladesh,Dhaka,Rajbari,Goalandaghat,UjanChar,ad29bf7fe7a521b83a81dfa29537754a
578172993,893cf1c8babffff,23.7241465,89.76514985,Goalanda J.N.Govt.Primary School,,"Goalanda J.N.Govt.Primary School, Goalandaghat, Rajbari District, Dhaka Division, Bangladesh","গোল্লান্ডা জে.এন.গভটি.প্রিমারি স্কুল, রাজবাড়ী জেলা, ঢাকা বিভাগ, বাংলাদেশ",Goalandaghat,বাংলাদেশ,ঢাকা বিভাগ,local_admin,boundaries,['school'],[],Bangladesh,Dhaka,Rajbari,Goalandaghat,UjanChar,ad29bf7fe7a521b83a81dfa29537754a
630215379,893cf1cf237ffff,23.7658766,89.78169997,,,"Goalandaghat, Rajbari District, Dhaka Division, Bangladesh","রাজবাড়ী জেলা, ঢাকা বিভাগ, বাংলাদেশ",Goalandaghat,বাংলাদেশ,ঢাকা বিভাগ,local_admin,boundaries,['bus_station'],[],Bangladesh,Dhaka,Rajbari,Goalandaghat,Daulatdia,e53566fdf8f8ed00f1bf0e2cb71d4e2b
958773637,893cf1cf2afffff,23.76804392,89.77878062,,,"Goalandaghat, Rajbari District, Dhaka Division, Bangladesh","রাজবাড়ী জেলা, ঢাকা বিভাগ, বাংলাদেশ",Goalandaghat,বাংলাদেশ,ঢাকা বিভাগ,local_admin,boundaries,['ferry_terminal'],[],Bangladesh,Dhaka,Rajbari,Goalandaghat,Daulatdia,e53566fdf8f8ed00f1bf0e2cb71d4e2b
942324398,893cf152083ffff,23.68921195,89.76565943,,,,,Goalandaghat,বাংলাদেশ,ঢাকা বিভাগ,housenumber,,,,Bangladesh,Dhaka,Rajbari,Goalandaghat,UjanChar,ad29bf7fe7a521b83a81dfa29537754a
494434381,893cf1cf3dbffff,23.76809793017675,89.78286055339674,ঢাকা - ফরিদপুর মহাসড়ক,['Dhaka - Faridpur Hwy'],"Dhaka - Faridpur Highway, -, Dhaka - Faridpur Hwy, Goalandaghat, Rajbari District, Dhaka Division, Bangladesh","ঢাকা ফরিদপুর মহাসড়ক, রাজবাড়ী জেলা, ঢাকা বিভাগ, বাংলাদেশ",Goalandaghat,বাংলাদেশ,ঢাকা বিভাগ,street,,,,Bangladesh,Dhaka,Rajbari,Goalandaghat,Daulatdia,e53566fdf8f8ed00f1bf0e2cb71d4e2b
968083694,893cf1cf273ffff,23.756048307373817,89.7747342919822,ঢাকা-ফরিদপুর মহাসড়ক;ঢাকা - ফরিদপুর মহাসড়ক,['Dhaka-Faridpur Highway;'],"Dhaka -Faridpur Highway Dhaka - Faridpur Highway, -, Dhaka-Faridpur Highway;, Goalandaghat, Rajbari District, Dhaka Division, Bangladesh","ঢাকা-ফরিদপুর মহাসড়ক ঢাকা ফরিদপুর মহাসড়ক, রাজবাড়ী জেলা, ঢাকা বিভাগ, বাংলাদেশ",Goalandaghat,বাংলাদেশ,ঢাকা বিভাগ,street,,,,Bangladesh,Dhaka,Rajbari,Goalandaghat,Daulatdia,e53566fdf8f8ed00f1bf0e2cb71d4e2b
494434379,893cf1cf3cbffff,23.765619538709498,89.78532274489105,ঢাকা - ফরিদপুর মহাসড়ক,['Dhaka - Faridpur Hwy'],"Dhaka - Faridpur Highway, -, Dhaka - Faridpur Hwy, Goalandaghat, Rajbari District, Dhaka Division, Bangladesh","ঢাকা ফরিদপুর মহাসড়ক, রাজবাড়ী জেলা, ঢাকা বিভাগ, বাংলাদেশ",Goalandaghat,বাংলাদেশ,ঢাকা বিভাগ,street,,,,Bangladesh,Dhaka,Rajbari,Goalandaghat,Daulatdia,e53566fdf8f8ed00f1bf0e2cb71d4e2b
275834801,893cf1c8aa7ffff,23.719912555617128,89.74439127311007,ঢাকা-ফরিদপুর মহাসড়ক;ঢাকা - ফরিদপুর মহাসড়ক,['Dhaka-Faridpur Highway;'],"Dhaka -Faridpur Highway Dhaka - Faridpur Highway, -, Dhaka-Faridpur Highway;, Goalandaghat, Rajbari District, Dhaka Division, Bangladesh","ঢাকা-ফরিদপুর মহাসড়ক ঢাকা ফরিদপুর মহাসড়ক, রাজবাড়ী জেলা, ঢাকা বিভাগ, বাংলাদেশ",Goalandaghat,বাংলাদেশ,ঢাকা বিভাগ,street,,,,Bangladesh,Dhaka,Rajbari,Goalandaghat,UjanChar,ad29bf7fe7a521b83a81dfa29537754a
275834801,893cf1c8aa7ffff,23.719912555617128,89.74439127311007,ঢাকা-ফরিদপুর মহাসড়ক;ঢাকা - ফরিদপুর মহাসড়ক,['Dhaka-Faridpur Highway;'],"Dhaka -Faridpur Highway Dhaka - Faridpur Highway, -, Dhaka-Faridpur Highway;, Rajbari, Rajbari District, Dhaka Division, Bangladesh","ঢাকা-ফরিদপুর মহাসড়ক ঢাকা ফরিদপুর মহাসড়ক, রাজবাড়ী জেলা, ঢাকা বিভাগ, বাংলাদেশ",Rajbari,বাংলাদেশ,ঢাকা বিভাগ,street,,,,Bangladesh,Dhaka,Rajbari,Goalandaghat,UjanChar,ad29bf7fe7a521b83a81dfa29537754a
494434380,893cf1cf3c3ffff,23.769197465548256,89.78717284184667,Dhaka - Faridpur Hwy,,"Dhaka - Faridpur Hwy, Goalandaghat, Rajbari District, Dhaka Division, Bangladesh","ঢাকা - ফরিদপুর মহাসড়ক, রাজবাড়ী জেলা, ঢাকা বিভাগ, বাংলাদেশ",Goalandaghat,বাংলাদেশ,ঢাকা বিভাগ,street,,,,Bangladesh,Dhaka,Rajbari,Goalandaghat,Daulatdia,e53566fdf8f8ed00f1bf0e2cb71d4e2b
958773638,893cf1cf263ffff,23.756048342342343,89.7748253808059,ঢাকা-ফরিদপুর মহাসড়ক;ঢাকা - ফরিদপুর মহাসড়ক,['Dhaka-Faridpur Highway;'],"Dhaka -Faridpur Highway Dhaka - Faridpur Highway, -, Dhaka-Faridpur Highway;, Goalandaghat, Rajbari District, Dhaka Division, Bangladesh","ঢাকা-ফরিদপুর মহাসড়ক ঢাকা ফরিদপুর মহাসড়ক, রাজবাড়ী জেলা, ঢাকা বিভাগ, বাংলাদেশ",Goalandaghat,বাংলাদেশ,ঢাকা বিভাগ,street,,,,Bangladesh,Dhaka,Rajbari,Goalandaghat,Daulatdia,e53566fdf8f8ed00f1bf0e2cb71d4e2b
275834805,893cf1535d3ffff,23.654310248087384,89.72937484849929,ঢাকা-ফরিদপুর মহাসড়ক,['Dhaka-Faridpur Highway'],"Dhaka-Faridpur Highway, Faridpur Sadar, Faridpur District, Dhaka Division, Bangladesh","ঢাকা-ফরিদপুর মহাসড়ক, ফরিদপুর জেলা, ঢাকা বিভাগ, বাংলাদেশ",Faridpur Sadar,বাংলাদেশ,ঢাকা বিভাগ,street,,,,Bangladesh,Dhaka,Rajbari,RajbariSadar,Basantapur,2931db1a58ea8c83a64954321695264b
275834805,893cf1535d3ffff,23.654310248087384,89.72937484849929,ঢাকা-ফরিদপুর মহাসড়ক,['Dhaka-Faridpur Highway'],"Dhaka-Faridpur Highway, Rajbari, Rajbari District, Dhaka Division, Bangladesh","ঢাকা-ফরিদপুর মহাসড়ক, রাজবাড়ী জেলা, ঢাকা বিভাগ, বাংলাদেশ",Rajbari,বাংলাদেশ,ঢাকা বিভাগ,street,,,,Bangladesh,Dhaka,Rajbari,RajbariSadar,Basantapur,2931db1a58ea8c83a64954321695264b
275834805,893cf1535d3ffff,23.654310248087384,89.72937484849929,ঢাকা-ফরিদপুর মহাসড়ক,['Dhaka-Faridpur Highway'],"Dhaka-Faridpur Highway, Rajbari, Faridpur District, Dhaka Division, Bangladesh","ঢাকা-ফরিদপুর মহাসড়ক, ফরিদপুর জেলা, ঢাকা বিভাগ, বাংলাদেশ",Rajbari,বাংলাদেশ,ঢাকা বিভাগ,street,,,,Bangladesh,Dhaka,Rajbari,RajbariSadar,Basantapur,2931db1a58ea8c83a64954321695264b
968083693,893cf1cf233ffff,23.765515363253893,89.78061494482299,ঢাকা - ফরিদপুর মহাসড়ক,['Dhaka - Faridpur Hwy'],"Dhaka - Faridpur Highway, -, Dhaka - Faridpur Hwy, Goalandaghat, Rajbari District, Dhaka Division, Bangladesh","ঢাকা ফরিদপুর মহাসড়ক, রাজবাড়ী জেলা, ঢাকা বিভাগ, বাংলাদেশ",Goalandaghat,বাংলাদেশ,ঢাকা বিভাগ,street,,,,Bangladesh,Dhaka,Rajbari,Goalandaghat,Daulatdia,e53566fdf8f8ed00f1bf0e2cb71d4e2b
3991994817,893cf15326fffff,23.598493,89.7350963,Sultanpur,,"Sultanpur, Rajbari, Rajbari District, Dhaka Division, Bangladesh","সুলতানপুর, রাজবাড়ী জেলা, ঢাকা বিভাগ, বাংলাদেশ",Rajbari,বাংলাদেশ,ঢাকা বিভাগ,locality,,,,Bangladesh,Dhaka,Rajbari,RajbariSadar,Sultanpur,d6f1d23cb906536f4748bca9defee4cf
9137640359,893cf1c8b03ffff,23.7200316,89.7589328,গোয়ালন্দ,"['গোয়ালন্দ', 'Goalanda']","Goaland, Goalanda, Goalandaghat, Rajbari District, Dhaka Division, Bangladesh","গোয়ালন্দ, রাজবাড়ী জেলা, ঢাকা বিভাগ, বাংলাদেশ",Goalandaghat,বাংলাদেশ,ঢাকা বিভাগ,locality,,,,Bangladesh,Dhaka,Rajbari,Goalandaghat,UjanChar,ad29bf7fe7a521b83a81dfa29537754a
4861939545,893cf1cf3c3ffff,23.7689222,89.785566,দৌলতদিয়া ঘাট,"['দৌলতদিয়া ঘাট', 'Daulatdia Ghat']","Daulatdia Ghat, Goalandaghat, Rajbari District, Dhaka Division, Bangladesh","দৌলতদিয়া ঘাট, রাজবাড়ী জেলা, ঢাকা বিভাগ, বাংলাদেশ",Goalandaghat,বাংলাদেশ,ঢাকা বিভাগ,local_admin,,,,Bangladesh,Dhaka,Rajbari,Goalandaghat,Daulatdia,e53566fdf8f8ed00f1bf0e2cb71d4e2b
3992028283,893cf1cadd3ffff,23.8119277,89.7069352,Debagram,,"Debagram, Goalandaghat, Rajbari District, Dhaka Division, Bangladesh","দেবগ্রাম, রাজবাড়ী জেলা, ঢাকা বিভাগ, বাংলাদেশ",Goalandaghat,বাংলাদেশ,ঢাকা বিভাগ,locality,,,,Bangladesh,Dhaka,Rajbari,Goalandaghat,Debagram,c6565025338523e54c37156ba3b06d96
3991994813,893cf1c8e57ffff,23.7231384,89.7114931,Panchuria,,"Panchuria, Rajbari, Rajbari District, Dhaka Division, Bangladesh","পঞ্চুরিয়া, রাজবাড়ী জেলা, ঢাকা বিভাগ, বাংলাদেশ",Rajbari,বাংলাদেশ,ঢাকা বিভাগ,locality,,,,Bangladesh,Dhaka,Rajbari,RajbariSadar,Panchuria,3a40c92aff9582b1b9c0160c5b187153
3977978789,893cf1524a7ffff,23.705373,89.7640595,Ujan Char,,"Ujan Char, Goalandaghat, Rajbari District, Dhaka Division, Bangladesh","উজান চর, রাজবাড়ী জেলা, ঢাকা বিভাগ, বাংলাদেশ",Goalandaghat,বাংলাদেশ,ঢাকা বিভাগ,locality,,,,Bangladesh,Dhaka,Rajbari,Goalandaghat,UjanChar,ad29bf7fe7a521b83a81dfa29537754a
3977978773,893cf1c991bffff,23.6886787,89.7256431,Khankhanapur,,"Khankhanapur, Rajbari, Rajbari District, Dhaka Division, Bangladesh","খানখানপুর, রাজবাড়ী জেলা, ঢাকা বিভাগ, বাংলাদেশ",Rajbari,বাংলাদেশ,ঢাকা বিভাগ,locality,,,,Bangladesh,Dhaka,Rajbari,RajbariSadar,Khankhanapur,417216e8d7d52ad3d6463e2a7b10cef8
3991994785,893cf15341bffff,23.643385,89.7145859,Basantapur,,"Basantapur, Rajbari, Rajbari District, Dhaka Division, Bangladesh","বেসান্টপুর, রাজবাড়ী জেলা, ঢাকা বিভাগ, বাংলাদেশ",Rajbari,বাংলাদেশ,ঢাকা বিভাগ,locality,,,,Bangladesh,Dhaka,Rajbari,RajbariSadar,Basantapur,2931db1a58ea8c83a64954321695264b
4810111,893cf036babffff,23.72855798,89.56332088,রাজবাড়ী জেলা,"['Rajbari', 'Distrikt', 'Rajbari District', 'æ‹‰æ�°å·´é‡Œ']","Rajbari district, Rajbari District, Dhaka Division, Bangladesh","রাজবাড়ী জেলা, ঢাকা বিভাগ, বাংলাদেশ",,বাংলাদেশ,ঢাকা বিভাগ,admin2,,,,Bangladesh,Dhaka,Rajbari,Kalukhali,Madapur,e0830ca9b9a1f370b207971581032a9b
14326847,893cf1c8263ffff,23.70530599,89.67257141,Rajbari,,"Rajbari, Rajbari District, Dhaka Division, Bangladesh","রাজবাড়ি, রাজবাড়ী জেলা, ঢাকা বিভাগ, বাংলাদেশ",Rajbari,বাংলাদেশ,ঢাকা বিভাগ,local_admin,,,,Bangladesh,Dhaka,Rajbari,RajbariSadar,Alipur,7f3d9af7ee11c449403c6a7d06810ed0
14341719,893cf1cf2cfffff,23.76094307,89.76364749,Goalandaghat,,"Goalandaghat, Rajbari District, Dhaka Division, Bangladesh","গোল্ডানগাট, রাজবাড়ী জেলা, ঢাকা বিভাগ, বাংলাদেশ",Goalandaghat,বাংলাদেশ,ঢাকা বিভাগ,local_admin,,,,Bangladesh,Dhaka,Rajbari,Goalandaghat,Daulatdia,e53566fdf8f8ed00f1bf0e2cb71d4e2b
14326846,893cf0aca1bffff,23.76955356,89.43647532,Pangsa,,"Pangsa, Rajbari District, Dhaka Division, Bangladesh","পাঙ্গসা, রাজবাড়ী জেলা, ঢাকা বিভাগ, বাংলাদেশ",Pangsa,বাংলাদেশ,ঢাকা বিভাগ,local_admin,,,,Bangladesh,Dhaka,Rajbari,Kalukhali,Boalia,e65b438afd3da84639b1f279c8081fd8
14326782,893cf035d2fffff,23.65505273,89.5532041,বালিয়াকানদি উপজেলা,['Baliakandi Upazila'],"Baliyakandi Upazila, Baliakandi Upazila, Rajbari District, Dhaka Division, Bangladesh","বালিয়াকানদি উপজেলা, রাজবাড়ী জেলা, ঢাকা বিভাগ, বাংলাদেশ",বালিয়াকানদি উপজেলা,বাংলাদেশ,ঢাকা বিভাগ,local_admin,,,,Bangladesh,Dhaka,Rajbari,BaliaKandi,Nawabpur,6647544502d862c9153236de5e513aa4
60513476,893cf0ac637ffff,23.790904794179845,89.36460094753227,Dhaka - Kushtia Highway,,"Dhaka - Kushtia Highway, Pangsa, Kushtia District, Khulna Division, Bangladesh","Dhaka াকা - কুশিয়া হাইওয়ে, কষটিয়া জেলা, খলনা বিভাগ, বাংলাদেশ",Pangsa,বাংলাদেশ,খলনা বিভাগ,street,,,,Bangladesh,Dhaka,Rajbari,Pangsha,MachhPara,910198b0652c81ff718c3d2b5158f3c7
275834802,893cf1c986bffff,23.673498486805343,89.70782608872923,ঢাকা-ফরিদপর মহাসড়ক,['Dhaka-Faridpur Highway'],"Dhaka-Faridapar Highway, Dhaka-Faridpur Highway, Rajbari, Rajbari District, Dhaka Division, Bangladesh","ঢাকা-ফরিদপর মহাসড়ক, রাজবাড়ী জেলা, ঢাকা বিভাগ, বাংলাদেশ",Rajbari,বাংলাদেশ,ঢাকা বিভাগ,street,,,,Bangladesh,Dhaka,Rajbari,RajbariSadar,ShahidWahabpur,e1d320c30c5ed10cd98a5bfa9c5f25d8
60513479,893cf1cb357ffff,23.719078903058904,89.62234244732015,Rajbari - Baliakandi Road,,"Rajbari - Baliakandi Road, Rajbari, Rajbari District, Dhaka Division, Bangladesh","রাজবাড়ী - বালিয়াকান্দি রোড, রাজবাড়ী জেলা, ঢাকা বিভাগ, বাংলাদেশ",Rajbari,বাংলাদেশ,ঢাকা বিভাগ,street,,,,Bangladesh,Dhaka,Rajbari,RajbariSadar,Ramkantapur,74e2e4e43e34ba910ac7de2b14d6793f
654699671,893cf1c98c7ffff,23.683774166309057,89.6988011969478,Dhaka - Faridpur Highway,,"Dhaka - Faridpur Highway, Rajbari, Rajbari District, Dhaka Division, Bangladesh","Dhaka াকা - ফরিদপুর হাইওয়ে, রাজবাড়ী জেলা, ঢাকা বিভাগ, বাংলাদেশ",Rajbari,বাংলাদেশ,ঢাকা বিভাগ,street,,,,Bangladesh,Dhaka,Rajbari,RajbariSadar,ShahidWahabpur,e1d320c30c5ed10cd98a5bfa9c5f25d8
234784261,893cf1c98c7ffff,23.68438575371229,89.69853064365176,Faridpur - Rajbari Highway,,"Faridpur - Rajbari Highway, Rajbari, Rajbari District, Dhaka Division, Bangladesh","ফরিদপুর - রাজবারি মহাসড়ক, রাজবাড়ী জেলা, ঢাকা বিভাগ, বাংলাদেশ",Rajbari,বাংলাদেশ,ঢাকা বিভাগ,street,,,,Bangladesh,Dhaka,Rajbari,RajbariSadar,ShahidWahabpur,e1d320c30c5ed10cd98a5bfa9c5f25d8
757318826,893cf0369bbffff,23.75203087646264,89.56931113894015,Dhaka - Kushtia Highway,,"Dhaka - Kushtia Highway, Rajbari, Rajbari District, Dhaka Division, Bangladesh","Dhaka াকা - কুশিয়া হাইওয়ে, রাজবাড়ী জেলা, ঢাকা বিভাগ, বাংলাদেশ",Rajbari,বাংলাদেশ,ঢাকা বিভাগ,street,,,,Bangladesh,Dhaka,Rajbari,RajbariSadar,Chandani,62b12cd8ea35b38173fd5ae031b5faad
234784809,893cf1cb1a7ffff,23.75152321298416,89.64012436316804,ঢাকা - কষটিয়া মহাসড়ক,['Dhaka - Kushtia Highway'],"Dhaka - Kasia highway, -, Dhaka - Kushtia Highway, Rajbari, Rajbari District, Dhaka Division, Bangladesh","ঢাকা কষটিয়া মহাসড়ক, রাজবাড়ী জেলা, ঢাকা বিভাগ, বাংলাদেশ",Rajbari,বাংলাদেশ,ঢাকা বিভাগ,street,,,,Bangladesh,Dhaka,Rajbari,RajbariSadar,RajbariPaurashava,f60ce0136275d60203ba667167c37648
34947996,893cf1c845bffff,23.742744399231874,89.64917164996808,ফরিদপর - রাজবাড়ী মহাসড়ক,['Faridpur - Rajbari Highway'],"Faridpur - Rajbari highway, -, Faridpur - Rajbari Highway, Rajbari, Rajbari District, Dhaka Division, Bangladesh","ফরিদপর রাজবাড়ী মহাসড়ক, রাজবাড়ী জেলা, ঢাকা বিভাগ, বাংলাদেশ",Rajbari,বাংলাদেশ,ঢাকা বিভাগ,street,,,,Bangladesh,Dhaka,Rajbari,RajbariSadar,RajbariPaurashava,f60ce0136275d60203ba667167c37648
275834801,893cf1c8aa7ffff,23.719912555617128,89.74439127311007,ঢাকা-ফরিদপর মহাসড়ক;ঢাকা - ফরিদপর মহাসড়ক,['Dhaka-Faridpur Highway;'],"Dhaka -Faridapar Highway Dhaka - Faridpur Highway, -, Dhaka-Faridpur Highway;, Rajbari, Rajbari District, Dhaka Division, Bangladesh","ঢাকা-ফরিদপর মহাসড়ক ঢাকা ফরিদপর মহাসড়ক, রাজবাড়ী জেলা, ঢাকা বিভাগ, বাংলাদেশ",Rajbari,বাংলাদেশ,ঢাকা বিভাগ,street,,,,Bangladesh,Dhaka,Rajbari,Goalandaghat,UjanChar,ad29bf7fe7a521b83a81dfa29537754a
60513476,893cf0ac637ffff,23.790904794179845,89.36460094753227,Dhaka - Kushtia Highway,,"Dhaka - Kushtia Highway, Pangsa, Rajbari District, Bangladesh","Dhaka াকা - কুশিয়া হাইওয়ে, রাজবাড়ী জেলা, বাংলাদেশ",Pangsa,বাংলাদেশ,,street,,,,Bangladesh,Dhaka,Rajbari,Pangsha,MachhPara,910198b0652c81ff718c3d2b5158f3c7
60513476,893cf0ac637ffff,23.790904794179845,89.36460094753227,Dhaka - Kushtia Highway,,"Dhaka - Kushtia Highway, Khoksa Upazila, Kushtia District, Khulna Division, Bangladesh","Dhaka াকা - কুশিয়া হাইওয়ে, খোকসা উপজেলা, কষটিয়া জেলা, খলনা বিভাগ, বাংলাদেশ",খোকসা উপজেলা,বাংলাদেশ,খলনা বিভাগ,street,,,,Bangladesh,Dhaka,Rajbari,Pangsha,MachhPara,910198b0652c81ff718c3d2b5158f3c7
641160249,893cf0adebbffff,23.74035265,89.38612845,Chotra Bridge,,"Chotra Bridge, Pangsa, Rajbari District, Dhaka Division, Bangladesh","চোট্রা ব্রিজ, রাজবাড়ী জেলা, ঢাকা বিভাগ, বাংলাদেশ",Pangsa,বাংলাদেশ,ঢাকা বিভাগ,street,,,,Bangladesh,Dhaka,Rajbari,Pangsha,Maurat,3ca947521bc3d75cc2b1c138c3ef96f4
641160252,893cf032a17ffff,23.67344218175402,89.3654409655225,Langalbadh Road,,"Langalbadh Road, Pangsa, Rajbari District, Dhaka Division, Bangladesh","লাঙ্গালবাদ রোড, রাজবাড়ী জেলা, ঢাকা বিভাগ, বাংলাদেশ",Pangsa,বাংলাদেশ,ঢাকা বিভাগ,street,,,,Bangladesh,Dhaka,Rajbari,Pangsha,KasbaMajhail,9cb6d31ffca601ecbbc1bd7c393693db
641165308,893cf0adc13ffff,23.76008085586752,89.38729620204275,Kolanagar Rd,,"Kolanagar Rd, Pangsa, Rajbari District, Dhaka Division, Bangladesh","কোলানগর আরডি, রাজবাড়ী জেলা, ঢাকা বিভাগ, বাংলাদেশ",Pangsa,বাংলাদেশ,ঢাকা বিভাগ,street,,,,Bangladesh,Dhaka,Rajbari,Pangsha,Sarisha,b95bd8aea4fa17075d6a1518a1cc9195
60513476,893cf0364d7ffff,23.759147315519552,89.44911231483867,Dhaka - Kushtia Highway,,"Dhaka - Kushtia Highway, Pangsa, Rajbari District, Dhaka Division, Bangladesh","Dhaka াকা - কুশিয়া হাইওয়ে, রাজবাড়ী জেলা, ঢাকা বিভাগ, বাংলাদেশ",Pangsa,বাংলাদেশ,ঢাকা বিভাগ,street,,,,Bangladesh,Dhaka,Rajbari,Kalukhali,Boalia,e65b438afd3da84639b1f279c8081fd8
641160248,893cf0adcabffff,23.76214418065512,89.39508343314037,Nader Hossain Road,,"Nader Hossain Road, Pangsa, Rajbari District, Dhaka Division, Bangladesh","নাদের হোসেন রোড, রাজবাড়ী জেলা, ঢাকা বিভাগ, বাংলাদেশ",Pangsa,বাংলাদেশ,ঢাকা বিভাগ,street,,,,Bangladesh,Dhaka,Rajbari,Pangsha,Maurat,3ca947521bc3d75cc2b1c138c3ef96f4
968083693,893cf1cf233ffff,23.765515363253893,89.78061494482299,ঢাকা - ফরিদপর মহাসড়ক,['Dhaka - Faridpur Hwy'],"Dhaka - Faridpur highway, -, Dhaka - Faridpur Hwy, Goalandaghat, Rajbari District, Dhaka Division, Bangladesh","ঢাকা ফরিদপর মহাসড়ক, রাজবাড়ী জেলা, ঢাকা বিভাগ, বাংলাদেশ",Goalandaghat,বাংলাদেশ,ঢাকা বিভাগ,street,,,,Bangladesh,Dhaka,Rajbari,Goalandaghat,Daulatdia,e53566fdf8f8ed00f1bf0e2cb71d4e2b
494434380,893cf1cf3c3ffff,23.769197465548256,89.78717284184667,Dhaka - Faridpur Hwy,,"Dhaka - Faridpur Hwy, Goalandaghat, Rajbari District, Dhaka Division, Bangladesh","ঢাকা - ফরিদপুর মহাসড়ক, রাজবাড়ী জেলা, ঢাকা বিভাগ, বাংলাদেশ",Goalandaghat,বাংলাদেশ,ঢাকা বিভাগ,street,,,,Bangladesh,Dhaka,Rajbari,Goalandaghat,Daulatdia,e53566fdf8f8ed00f1bf0e2cb71d4e2b
968083693,893cf1cf233ffff,23.765515363253893,89.78061494482299,ঢাকা - ফরিদপর মহাসড়ক,['Dhaka - Faridpur Hwy'],"Dhaka - Faridpur highway, -, Dhaka - Faridpur Hwy, Goalandaghat, Rajbari District, Dhaka Division, Bangladesh","ঢাকা ফরিদপর মহাসড়ক, রাজবাড়ী জেলা, ঢাকা বিভাগ, বাংলাদেশ",Goalandaghat,বাংলাদেশ,ঢাকা বিভাগ,street,,,,Bangladesh,Dhaka,Rajbari,Goalandaghat,Daulatdia,e53566fdf8f8ed00f1bf0e2cb71d4e2b
60513479,893cf1cb357ffff,23.719078903058904,89.62234244732015,Rajbari - Baliakandi Road,,"Rajbari - Baliakandi Road, Baliakandi Upazila, Rajbari District, Dhaka Division, Bangladesh","রাজবাড়ী - বালিয়াকান্দি রোড, বালিয়াকানদি উপজেলা, রাজবাড়ী জেলা, ঢাকা বিভাগ, বাংলাদেশ",বালিয়াকানদি উপজেলা,বাংলাদেশ,ঢাকা বিভাগ,street,,,,Bangladesh,Dhaka,Rajbari,RajbariSadar,Ramkantapur,74e2e4e43e34ba910ac7de2b14d6793f
1065099961,893cf03416fffff,23.684161813281925,89.53582493956672,Chairman House Road,,"Chairman House Road, Baliakandi Upazila, Rajbari District, Dhaka Division, Bangladesh","চেয়ারম্যান হাউস রোড, বালিয়াকানদি উপজেলা, রাজবাড়ী জেলা, ঢাকা বিভাগ, বাংলাদেশ",বালিয়াকানদি উপজেলা,বাংলাদেশ,ঢাকা বিভাগ,street,,,,Bangladesh,Dhaka,Rajbari,BaliaKandi,Nawabpur,6647544502d862c9153236de5e513aa4
793157361,893cf0350a3ffff,23.642697041252845,89.473562456054,Narua Kheya Ghat Road,,"Narua Kheya Ghat Road, Baliakandi Upazila, Rajbari District, Dhaka Division, Bangladesh","নারুয়া খীয়া ঘাট রোড, বালিয়াকানদি উপজেলা, রাজবাড়ী জেলা, ঢাকা বিভাগ, বাংলাদেশ",বালিয়াকানদি উপজেলা,বাংলাদেশ,ঢাকা বিভাগ,street,,,,Bangladesh,Dhaka,Rajbari,BaliaKandi,Narua,ae2ec28e52c70b43616e2e427b1cd986
793326683,893cf0350afffff,23.642188021019905,89.47536632350898,Peyaj Bazar Goli,,"Peyaj Bazar Goli, Baliakandi Upazila, Rajbari District, Dhaka Division, Bangladesh","পিয়াজ বাজার গোলি, বালিয়াকানদি উপজেলা, রাজবাড়ী জেলা, ঢাকা বিভাগ, বাংলাদেশ",বালিয়াকানদি উপজেলা,বাংলাদেশ,ঢাকা বিভাগ,street,,,,Bangladesh,Dhaka,Rajbari,BaliaKandi,Narua,ae2ec28e52c70b43616e2e427b1cd986
60513476,893cf0ac637ffff,23.790904794179845,89.36460094753227,Dhaka - Kushtia Highway,,"Dhaka - Kushtia Highway, Khoksa Upazila, Kushtia District, Dhaka Division, Bangladesh","Dhaka াকা - কুশিয়া হাইওয়ে, খোকসা উপজেলা, কষটিয়া জেলা, ঢাকা বিভাগ, বাংলাদেশ",খোকসা উপজেলা,বাংলাদেশ,ঢাকা বিভাগ,street,,,,Bangladesh,Dhaka,Rajbari,Pangsha,MachhPara,910198b0652c81ff718c3d2b5158f3c7
275834805,893cf1535d3ffff,23.654310248087384,89.72937484849929,ঢাকা-ফরিদপর মহাসড়ক,['Dhaka-Faridpur Highway'],"Dhaka-Faridapar Highway, Dhaka-Faridpur Highway, Rajbari, Faridpur District, Dhaka Division, Bangladesh","ঢাকা-ফরিদপর মহাসড়ক, ফরিদপর জেলা, ঢাকা বিভাগ, বাংলাদেশ",Rajbari,বাংলাদেশ,ঢাকা বিভাগ,street,,,,Bangladesh,Dhaka,Rajbari,RajbariSadar,Basantapur,2931db1a58ea8c83a64954321695264b
